First Index,Second Index,Similarity,Total Neighbors a,Total Neighbors a_star,Matching Neighbor Pairs,total_b,total_b_star,b / a_neigh,b_star / a_star_neigh
5818,11484,0.8289499878883362,8,6,0,0,0,0.0,0.0
3033,14219,0.8560746908187866,103,111,21,21,21,0.2038835,0.1891892
910,9989,0.7421449422836304,6,4,0,0,0,0.0,0.0
2746,13408,0.8291323184967041,4,2,0,0,0,0.0,0.0
8122,17165,0.8252969980239868,20,18,2,2,2,0.1,0.1111111
9171,12068,0.8098684549331665,19,17,4,4,4,0.2105263,0.2352941
1352,11124,0.850091278553009,27,39,5,5,5,0.1851852,0.1282051
6645,15584,0.790716290473938,15,14,2,2,2,0.1333333,0.1428571
6754,15198,0.773592472076416,14,11,5,5,5,0.3571429,0.4545455
5859,11350,0.7655173540115356,6,7,2,2,2,0.3333333,0.2857143
2233,17819,0.787629246711731,6,5,0,0,0,0.0,0.0
22,16243,0.8726359605789185,23,13,3,3,3,0.1304348,0.2307692
6026,13104,0.8552640080451965,5,5,0,0,0,0.0,0.0
4777,11058,0.8106145858764648,4,4,2,2,2,0.5,0.5
8616,11786,0.8215277194976807,2,3,0,0,0,0.0,0.0
4596,15741,0.8120553493499756,46,58,18,18,18,0.3913043,0.3103448
2995,13945,0.852188229560852,10,12,1,1,1,0.1,0.0833333
6975,16635,0.833829939365387,4,5,3,3,3,0.75,0.6
7425,14477,0.7482047080993652,73,70,14,14,14,0.1917808,0.2
413,16371,0.7209742069244385,66,62,12,12,12,0.1818182,0.1935484
1010,16361,0.8361780643463135,3,3,0,0,0,0.0,0.0
8874,13780,0.7482912540435791,5,5,0,0,0,0.0,0.0
5394,16251,0.8566134572029114,245,246,38,38,38,0.155102,0.1544715
7474,11745,0.8213729858398438,44,55,4,4,4,0.0909091,0.0727273
696,18007,0.8075295686721802,7,6,2,2,2,0.2857143,0.3333333
8445,14160,0.7794451117515564,4,5,0,0,0,0.0,0.0
373,15925,0.86681067943573,9,9,3,3,3,0.3333333,0.3333333
6379,11892,0.7834150791168213,36,16,6,6,6,0.1666667,0.375
3819,10019,0.8133120536804199,8,6,2,2,2,0.25,0.3333333
2122,10767,0.8290796875953674,10,15,4,4,4,0.4,0.2666667
1923,17611,0.7421729564666748,208,272,48,48,48,0.2307692,0.1764706
6340,16101,0.8460631370544434,136,124,38,38,38,0.2794118,0.3064516
4086,19030,0.7956768274307251,6,2,1,1,1,0.1666667,0.5
3868,19216,0.7751721143722534,4,3,1,1,1,0.25,0.3333333
1089,11643,0.8510438203811646,51,61,8,8,8,0.1568627,0.1311475
7450,12826,0.8522810339927673,86,274,45,45,45,0.5232558,0.1642336
7720,10206,0.7318941950798035,6,3,1,1,1,0.1666667,0.3333333
9410,13242,0.8198333978652954,24,270,19,19,19,0.7916667,0.0703704
4508,9719,0.8176232576370239,5,6,2,2,2,0.4,0.3333333
9503,18394,0.7980309724807739,3,2,0,0,0,0.0,0.0
1578,17963,0.8458566069602966,33,29,3,3,3,0.0909091,0.1034483
9489,16918,0.8630515336990356,4,4,1,1,1,0.25,0.25
5711,11590,0.8113064765930176,8,18,3,3,3,0.375,0.1666667
5395,17657,0.8909499645233154,17,14,2,2,2,0.1176471,0.1428571
1771,10401,0.8853509426116943,45,47,11,11,11,0.2444444,0.2340426
3761,19211,0.810443639755249,4,3,0,0,0,0.0,0.0
3487,17022,0.7336258888244629,3,5,1,1,1,0.3333333,0.2
2830,17246,0.8089715838432312,12,10,4,4,4,0.3333333,0.4
2598,16860,0.7649020552635193,9,5,3,3,3,0.3333333,0.6
5572,14320,0.6987311244010925,7,37,5,5,5,0.7142857,0.1351351
3208,10287,0.7785364985466003,51,56,15,15,15,0.2941176,0.2678571
2301,18888,0.8246113061904907,12,8,3,3,3,0.25,0.375
4518,16077,0.7792009711265564,5,5,0,0,0,0.0,0.0
3919,10873,0.8644189834594727,72,251,33,33,33,0.4583333,0.1314741
8425,13642,0.858617901802063,13,17,7,7,7,0.5384615,0.4117647
2722,13139,0.8225618600845337,12,10,1,1,1,0.0833333,0.1
8760,10779,0.7935963869094849,12,9,1,1,1,0.0833333,0.1111111
1885,9869,0.8273510932922363,5,4,1,1,1,0.2,0.25
7366,15320,0.7508995532989502,15,12,1,1,1,0.0666667,0.0833333
9244,10154,0.8618506789207458,13,11,2,2,2,0.1538462,0.1818182
2027,15322,0.6730488538742065,32,42,16,16,16,0.5,0.3809524
3605,12030,0.7682071924209595,24,26,5,5,5,0.2083333,0.1923077
3275,13058,0.8124469518661499,18,15,5,5,5,0.2777778,0.3333333
6596,16835,0.8354707956314087,36,40,6,6,6,0.1666667,0.15
6573,18429,0.8133201599121094,4,3,1,1,1,0.25,0.3333333
6197,16192,0.7836868762969971,8,6,0,0,0,0.0,0.0
8210,15043,0.834493100643158,34,112,20,20,20,0.5882353,0.1785714
524,17481,0.7853691577911377,9,6,0,0,0,0.0,0.0
916,13426,0.7984786033630371,4,13,2,2,2,0.5,0.1538462
7505,16768,0.7974920868873596,6,4,1,1,1,0.1666667,0.25
6880,10443,0.6728430986404419,9,22,0,0,0,0.0,0.0
2942,14431,0.8227982521057129,27,109,14,14,14,0.5185185,0.1284404
2564,13353,0.8556981086730957,19,18,0,0,0,0.0,0.0
3048,16255,0.6901615858078003,14,10,3,3,3,0.2142857,0.3
2979,11051,0.8419137001037598,148,126,19,19,19,0.1283784,0.1507937
7267,12020,0.8197729587554932,7,3,0,0,0,0.0,0.0
4813,17664,0.8273683786392212,9,7,0,0,0,0.0,0.0
5999,15654,0.8861483335494995,93,112,25,25,25,0.2688172,0.2232143
9424,13252,0.7143204808235168,5,2,0,0,0,0.0,0.0
9476,15514,0.8572409152984619,6,5,0,0,0,0.0,0.0
7169,12918,0.7310962080955505,68,66,23,23,23,0.3382353,0.3484848
2759,14058,0.8479212522506714,16,13,2,2,2,0.125,0.1538462
9546,18467,0.862517237663269,6,13,3,3,3,0.5,0.2307692
227,15810,0.7829990386962891,6,4,0,0,0,0.0,0.0
3088,17122,0.8236347436904907,14,12,5,5,5,0.3571429,0.4166667
802,12600,0.829679012298584,19,16,8,8,8,0.4210526,0.5
5374,12196,0.8013657331466675,5,4,1,1,1,0.2,0.25
5761,15988,0.7796639204025269,10,5,4,4,4,0.4,0.8
1984,15351,0.8840413689613342,18,33,2,2,2,0.1111111,0.0606061
7343,16867,0.8912781476974487,42,108,13,13,13,0.3095238,0.1203704
2525,19201,0.6553489565849304,5,5,3,3,3,0.6,0.6
8478,17557,0.7807098031044006,18,16,5,5,5,0.2777778,0.3125
5089,17553,0.8381993770599365,21,18,1,1,1,0.047619,0.0555556
5024,19150,0.8612561225891113,69,82,13,13,13,0.1884058,0.1585366
1549,18289,0.7719546556472778,5,4,0,0,0,0.0,0.0
6606,17225,0.8213696479797363,20,15,3,3,3,0.15,0.2
4732,10203,0.8644652366638184,31,30,2,2,2,0.0645161,0.0666667
3796,16525,0.8238735198974609,14,9,1,1,1,0.0714286,0.1111111
2819,10801,0.8030955791473389,82,268,47,47,47,0.5731707,0.1753731
6452,17697,0.8669443130493164,12,5,2,2,2,0.1666667,0.4
3093,14976,0.7654645442962646,5,4,1,1,1,0.2,0.25
2432,13918,0.8494629859924316,14,11,4,4,4,0.2857143,0.3636364
2245,16801,0.8213958740234375,69,63,8,8,8,0.115942,0.1269841
9365,16804,0.8323099613189697,49,49,11,11,11,0.2244898,0.2244898
4410,10682,0.8511240482330322,25,5,1,1,1,0.04,0.2
9485,13193,0.8653079271316528,7,4,2,2,2,0.2857143,0.5
7418,17525,0.8107907772064209,25,22,5,5,5,0.2,0.2272727
5898,11782,0.7912946939468384,5,2,1,1,1,0.2,0.5
7878,16872,0.7601560950279236,36,46,13,13,13,0.3611111,0.2826087
3085,10812,0.8696815967559814,91,85,13,13,13,0.1428571,0.1529412
7681,14637,0.8021258115768433,5,6,0,0,0,0.0,0.0
3694,16863,0.7563396692276001,22,43,8,8,8,0.3636364,0.1860465
8357,13837,0.8696814775466919,8,5,1,1,1,0.125,0.2
501,13048,0.8522168397903442,40,50,5,5,5,0.125,0.1
2730,18922,0.8499062061309814,94,303,64,64,64,0.6808511,0.2112211
7890,17785,0.807154655456543,7,3,2,2,2,0.2857143,0.6666667
9256,10867,0.8369358777999878,8,6,1,1,1,0.125,0.1666667
1063,14737,0.912123680114746,5,5,2,2,2,0.4,0.4
2778,18324,0.695152997970581,3,4,0,0,0,0.0,0.0
8976,16591,0.8122937679290771,8,7,2,2,2,0.25,0.2857143
6447,10950,0.7308586239814758,5,3,0,0,0,0.0,0.0
7280,12608,0.7616040110588074,8,6,1,1,1,0.125,0.1666667
901,14415,0.8252632021903992,7,4,2,2,2,0.2857143,0.5
768,16137,0.8610105514526367,55,56,13,13,13,0.2363636,0.2321429
4077,18097,0.6914787292480469,76,92,20,20,20,0.2631579,0.2173913
2440,12443,0.7809875011444092,14,2,1,1,1,0.0714286,0.5
3151,17788,0.7590934038162231,34,55,17,17,17,0.5,0.3090909
2818,12920,0.7971085906028748,7,5,0,0,0,0.0,0.0
793,11700,0.8236583471298218,37,40,9,9,9,0.2432432,0.225
6419,14500,0.8669500350952148,8,13,5,5,5,0.625,0.3846154
664,10832,0.8126075267791748,17,33,2,2,2,0.1176471,0.0606061
2396,18789,0.882853627204895,6,15,3,3,3,0.5,0.2
1369,12570,0.7596263885498047,3,3,0,0,0,0.0,0.0
8267,11706,0.8050076961517334,14,3,0,0,0,0.0,0.0
6482,16770,0.707059919834137,78,255,45,45,45,0.5769231,0.1764706
7851,15556,0.7796806693077087,13,8,2,2,2,0.1538462,0.25
5683,14616,0.8442908525466919,8,63,3,3,3,0.375,0.047619
6297,16846,0.7240384221076965,21,27,5,5,5,0.2380952,0.1851852
2350,12792,0.7745040655136108,10,9,3,3,3,0.3,0.3333333
9538,13604,0.8832107782363892,30,47,9,9,9,0.3,0.1914894
354,11406,0.8316253423690796,33,44,6,6,6,0.1818182,0.1363636
986,15820,0.8195833563804626,9,7,2,2,2,0.2222222,0.2857143
8224,16861,0.8923887014389038,33,42,10,10,10,0.3030303,0.2380952
8350,11573,0.9228879809379578,3,3,1,1,1,0.3333333,0.3333333
7960,13490,0.775391697883606,10,6,1,1,1,0.1,0.1666667
9366,9826,0.8058586120605469,10,7,1,1,1,0.1,0.1428571
9052,12110,0.861690104007721,12,14,2,2,2,0.1666667,0.1428571
7981,17750,0.8092349767684937,8,9,1,1,1,0.125,0.1111111
5298,12243,0.8145986795425415,10,5,2,2,2,0.2,0.4
4767,18385,0.7982552647590637,11,11,1,1,1,0.0909091,0.0909091
560,13209,0.8452640175819397,5,5,1,1,1,0.2,0.2
1203,11854,0.7225643992424011,11,8,2,2,2,0.1818182,0.25
145,16084,0.862777829170227,16,17,5,5,5,0.3125,0.2941176
427,11632,0.8378256559371948,5,10,2,2,2,0.4,0.2
2160,16436,0.8468420505523682,12,15,4,4,4,0.3333333,0.2666667
8408,10997,0.7903734445571899,9,3,1,1,1,0.1111111,0.3333333
5712,18011,0.7503433227539062,5,5,1,1,1,0.2,0.2
2402,10865,0.8661531209945679,3,2,0,0,0,0.0,0.0
1655,16794,0.9002623558044434,45,42,18,18,18,0.4,0.4285714
5255,13076,0.8054310083389282,8,4,1,1,1,0.125,0.25
7015,14636,0.7482547163963318,18,73,8,8,8,0.4444444,0.109589
8810,17200,0.8374937772750854,3,19,0,0,0,0.0,0.0
3708,11028,0.7700046300888062,12,10,2,2,2,0.1666667,0.2
1431,17351,0.693214476108551,4,4,1,1,1,0.25,0.25
3577,10279,0.8658649325370789,76,77,20,20,20,0.2631579,0.2597403
1970,11329,0.8240163326263428,20,18,7,7,7,0.35,0.3888889
6791,18274,0.8009410500526428,4,3,0,0,0,0.0,0.0
5313,18306,0.8274672627449036,14,12,1,1,1,0.0714286,0.0833333
3957,16278,0.8312045931816101,17,17,2,2,2,0.1176471,0.1176471
3335,15886,0.7699263095855713,9,4,1,1,1,0.1111111,0.25
8202,15107,0.8154206275939941,15,12,1,1,1,0.0666667,0.0833333
2217,14998,0.8586468696594238,34,28,3,3,3,0.0882353,0.1071429
5455,17163,0.8256325721740723,33,31,4,4,4,0.1212121,0.1290323
4619,11186,0.7532748579978943,14,10,4,4,4,0.2857143,0.4
9344,9792,0.7969347238540649,9,5,2,2,2,0.2222222,0.4
4516,15868,0.7790384292602539,121,126,37,37,37,0.3057851,0.2936508
2533,9991,0.841175377368927,19,20,6,6,6,0.3157895,0.3
4481,17609,0.8200830221176147,24,41,11,11,11,0.4583333,0.2682927
4733,13134,0.7878710031509399,7,17,1,1,1,0.1428571,0.0588235
860,16285,0.8036537170410156,5,3,1,1,1,0.2,0.3333333
7826,10488,0.846703827381134,14,25,5,5,5,0.3571429,0.2
2763,16841,0.8426379561424255,159,140,22,22,22,0.1383648,0.1571429
2465,14932,0.8095114231109619,68,70,16,16,16,0.2352941,0.2285714
5957,16376,0.9347265958786012,14,11,3,3,3,0.2142857,0.2727273
4843,17179,0.8316024541854858,7,3,0,0,0,0.0,0.0
2774,17264,0.8490434885025024,13,10,2,2,2,0.1538462,0.2
3960,11053,0.8990525007247925,7,3,1,1,1,0.1428571,0.3333333
9479,10609,0.7745559215545654,3,2,0,0,0,0.0,0.0
511,14940,0.8363505005836487,24,36,3,3,3,0.125,0.0833333
7812,14646,0.8278851509094238,10,8,0,0,0,0.0,0.0
1105,15190,0.7657613754272461,4,3,1,1,1,0.25,0.3333333
2141,14584,0.7559235692024231,2,4,1,1,1,0.5,0.25
4215,18369,0.8665395379066467,16,11,4,4,4,0.25,0.3636364
2720,9830,0.8469951152801514,6,3,1,1,1,0.1666667,0.3333333
5692,15705,0.6781996488571167,6,3,1,1,1,0.1666667,0.3333333
2550,18660,0.8735737204551697,73,333,61,61,61,0.8356164,0.1831832
8795,16105,0.8206760883331299,3,3,1,1,1,0.3333333,0.3333333
1617,13351,0.7080711126327515,241,216,41,41,41,0.1701245,0.1898148
6257,18451,0.8329866528511047,5,13,0,0,0,0.0,0.0
1930,12944,0.8096685409545898,7,6,3,3,3,0.4285714,0.5
7377,14281,0.7310214638710022,16,22,2,2,2,0.125,0.0909091
9390,10428,0.8466010689735413,6,2,1,1,1,0.1666667,0.5
3954,17817,0.8902345895767212,91,98,12,12,12,0.1318681,0.122449
2983,16188,0.8197827339172363,3,3,1,1,1,0.3333333,0.3333333
2100,15463,0.842186450958252,4,15,0,0,0,0.0,0.0
9444,17309,0.7852576971054077,71,59,14,14,14,0.1971831,0.2372881
6708,13404,0.8633582592010498,12,5,2,2,2,0.1666667,0.4
5487,13178,0.8275311589241028,20,18,4,4,4,0.2,0.2222222
2670,17799,0.7758316993713379,7,21,0,0,0,0.0,0.0
3904,15866,0.8660320043563843,19,19,3,3,3,0.1578947,0.1578947
2885,11308,0.7950318455696106,8,6,3,3,3,0.375,0.5
1114,11990,0.896041750907898,23,19,1,1,1,0.0434783,0.0526316
1029,17544,0.7358419299125671,4,5,2,2,2,0.5,0.4
8872,14495,0.8561258912086487,20,20,5,5,5,0.25,0.25
281,13300,0.8580058217048645,111,104,14,14,14,0.1261261,0.1346154
902,14816,0.744148850440979,5,5,1,1,1,0.2,0.2
4461,13424,0.8216444253921509,6,5,0,0,0,0.0,0.0
7856,10091,0.8391193151473999,5,3,2,2,2,0.4,0.6666667
2080,12722,0.8842235803604126,235,197,47,47,47,0.2,0.2385787
715,11462,0.8585383892059326,16,26,5,5,5,0.3125,0.1923077
9302,16973,0.7919782400131226,67,65,12,12,12,0.1791045,0.1846154
9535,16766,0.769899308681488,12,18,4,4,4,0.3333333,0.2222222
2482,10522,0.7802906036376953,9,2,0,0,0,0.0,0.0
4189,18343,0.7710154056549072,10,70,5,5,5,0.5,0.0714286
9403,10990,0.8132004141807556,5,8,2,2,2,0.4,0.25
5453,13692,0.7994635701179504,10,5,3,3,3,0.3,0.6
5434,12775,0.8672786951065063,25,28,3,3,3,0.12,0.1071429
1916,11953,0.8733994364738464,9,5,2,2,2,0.2222222,0.4
260,16228,0.7531085014343262,18,6,2,2,2,0.1111111,0.3333333
1054,16274,0.8039195537567139,9,5,3,3,3,0.3333333,0.6
8847,16900,0.759030818939209,5,6,0,0,0,0.0,0.0
4106,12916,0.8790695667266846,15,16,1,1,1,0.0666667,0.0625
3573,15491,0.8362263441085815,7,4,1,1,1,0.1428571,0.25
8371,10146,0.8078814148902893,10,9,3,3,3,0.3,0.3333333
883,12456,0.8001207113265991,25,27,6,6,6,0.24,0.2222222
4422,15144,0.7593531608581543,35,37,4,4,4,0.1142857,0.1081081
9510,18677,0.8042759299278259,50,48,9,9,9,0.18,0.1875
8838,14986,0.8409736752510071,19,10,2,2,2,0.1052632,0.2
115,12211,0.7940011024475098,13,12,0,0,0,0.0,0.0
7274,15589,0.8414305448532104,7,5,1,1,1,0.1428571,0.2
7525,12727,0.8801527619361877,116,134,22,22,22,0.1896552,0.1641791
6954,19025,0.8354959487915039,8,32,4,4,4,0.5,0.125
7942,10126,0.8687258362770081,130,129,26,26,26,0.2,0.2015504
3273,17013,0.8032131791114807,20,32,6,6,6,0.3,0.1875
4673,18001,0.8626376390457153,4,3,1,1,1,0.25,0.3333333
4657,12952,0.7378671169281006,10,13,3,3,3,0.3,0.2307692
2708,17649,0.7396766543388367,7,3,1,1,1,0.1428571,0.3333333
3979,14551,0.8695802688598633,14,29,4,4,4,0.2857143,0.137931
7251,14823,0.8608328104019165,9,7,1,1,1,0.1111111,0.1428571
6006,10447,0.7734514474868774,8,7,2,2,2,0.25,0.2857143
2189,18746,0.8242369890213013,8,6,3,3,3,0.375,0.5
425,11331,0.8033798933029175,10,3,2,2,2,0.2,0.6666667
1078,13962,0.7778865694999695,8,8,1,1,1,0.125,0.125
5276,18680,0.8014776110649109,9,8,1,1,1,0.1111111,0.125
4693,9734,0.7688037753105164,5,3,0,0,0,0.0,0.0
8802,13477,0.850965678691864,62,288,44,44,44,0.7096774,0.1527778
1288,10774,0.8621983528137207,10,8,2,2,2,0.2,0.25
7572,12262,0.8509427309036255,38,53,18,18,18,0.4736842,0.3396226
7429,10084,0.8274099826812744,236,215,52,52,52,0.220339,0.2418605
8437,17256,0.7717928886413574,25,39,6,6,6,0.24,0.1538462
5838,10962,0.6449114084243774,24,41,6,6,6,0.25,0.1463415
7081,17888,0.8469481468200684,4,2,0,0,0,0.0,0.0
4385,17732,0.8140771389007568,2,8,0,0,0,0.0,0.0
4970,10020,0.8620810508728027,36,33,7,7,7,0.1944444,0.2121212
4754,13922,0.7804121971130371,6,10,0,0,0,0.0,0.0
3811,14427,0.9177367687225342,62,67,12,12,12,0.1935484,0.1791045
788,17928,0.7962319850921631,6,3,1,1,1,0.1666667,0.3333333
2128,10118,0.6172373294830322,17,20,3,3,3,0.1764706,0.15
3406,18579,0.8434620499610901,8,8,3,3,3,0.375,0.375
3562,13988,0.9252858757972716,129,136,23,23,23,0.1782946,0.1691176
6730,13385,0.8473703861236572,56,115,18,18,18,0.3214286,0.1565217
7751,9767,0.8348398208618164,5,21,2,2,2,0.4,0.0952381
7603,10506,0.7911243438720703,8,9,1,1,1,0.125,0.1111111
1544,17538,0.8033277988433838,7,8,2,2,2,0.2857143,0.25
514,13645,0.7057213187217712,11,12,6,6,6,0.5454545,0.5
2226,11830,0.8493976593017578,7,5,0,0,0,0.0,0.0
3348,15726,0.7968302369117737,6,4,2,2,2,0.3333333,0.5
2714,12816,0.7994601726531982,11,8,0,0,0,0.0,0.0
789,16823,0.8194705247879028,71,68,17,17,17,0.2394366,0.25
261,10022,0.7609581351280212,14,11,1,1,1,0.0714286,0.0909091
7454,18124,0.8501206636428833,83,109,15,15,15,0.1807229,0.1376147
3659,16233,0.8062777519226074,4,6,1,1,1,0.25,0.1666667
8762,14153,0.8465113639831543,45,51,16,16,16,0.3555556,0.3137255
5040,10334,0.8747920989990234,72,151,26,26,26,0.3611111,0.1721854
2695,11647,0.828636646270752,9,23,2,2,2,0.2222222,0.0869565
6664,17940,0.8361972570419312,12,12,3,3,3,0.25,0.25
9271,11034,0.8639380931854248,3,3,1,1,1,0.3333333,0.3333333
3324,10134,0.8012920618057251,14,13,0,0,0,0.0,0.0
8846,12956,0.7472811937332153,26,26,5,5,5,0.1923077,0.1923077
6158,18891,0.8303388357162476,49,24,12,12,12,0.244898,0.5
7416,10670,0.8026195764541626,40,42,9,9,9,0.225,0.2142857
3776,12100,0.8227911591529846,29,28,6,6,6,0.2068966,0.2142857
8706,10294,0.796156108379364,3,2,0,0,0,0.0,0.0
4055,17415,0.8366446495056152,18,13,8,8,8,0.4444444,0.6153846
2969,13096,0.8902453184127808,12,40,4,4,4,0.3333333,0.1
8801,18704,0.7937689423561096,10,21,5,5,5,0.5,0.2380952
5543,14952,0.7720719575881958,9,11,4,4,4,0.4444444,0.3636364
7551,18563,0.8195799589157104,64,56,16,16,16,0.25,0.2857143
7828,10735,0.7493821382522583,10,12,2,2,2,0.2,0.1666667
6437,13624,0.8853708505630493,30,48,7,7,7,0.2333333,0.1458333
598,15933,0.8010870218276978,9,8,3,3,3,0.3333333,0.375
421,14696,0.827796220779419,11,9,3,3,3,0.2727273,0.3333333
8193,12001,0.7645359039306641,19,13,4,4,4,0.2105263,0.3076923
8364,13460,0.799270510673523,29,47,11,11,11,0.3793103,0.2340426
4264,17157,0.8104444742202759,6,5,0,0,0,0.0,0.0
7306,12437,0.7942092418670654,95,127,23,23,23,0.2421053,0.1811024
8169,13629,0.82134610414505,8,5,0,0,0,0.0,0.0
9312,11020,0.81688392162323,29,27,11,11,11,0.3793103,0.4074074
3136,17387,0.7787536382675171,16,22,2,2,2,0.125,0.0909091
8603,11383,0.8261092901229858,11,12,0,0,0,0.0,0.0
744,17456,0.8575066924095154,55,56,8,8,8,0.1454545,0.1428571
9468,17688,0.7637407779693604,11,8,1,1,1,0.0909091,0.125
4611,10003,0.8594503998756409,3,2,0,0,0,0.0,0.0
3079,12013,0.7643202543258667,13,14,4,4,4,0.3076923,0.2857143
8362,12753,0.6979685425758362,148,246,61,61,61,0.4121622,0.2479675
8332,12581,0.7991802096366882,19,45,11,11,11,0.5789474,0.2444444
8573,13547,0.8610743284225464,15,81,1,1,1,0.0666667,0.0123457
1328,14187,0.768816351890564,10,8,3,3,3,0.3,0.375
5747,14736,0.8534351587295532,67,81,22,22,22,0.3283582,0.2716049
3603,10972,0.8877611756324768,13,7,0,0,0,0.0,0.0
8614,13993,0.858258068561554,64,68,24,24,24,0.375,0.3529412
3712,14262,0.8032635450363159,17,13,3,3,3,0.1764706,0.2307692
6615,15571,0.8384627103805542,19,15,3,3,3,0.1578947,0.2
6427,12258,0.770132303237915,31,28,12,12,12,0.3870968,0.4285714
8518,15458,0.8003804683685303,8,7,1,1,1,0.125,0.1428571
8132,14748,0.809907078742981,19,24,4,4,4,0.2105263,0.1666667
8160,15341,0.7978838682174683,28,32,4,4,4,0.1428571,0.125
9151,16304,0.7567228078842163,6,9,3,3,3,0.5,0.3333333
9334,11816,0.7676947116851807,4,4,1,1,1,0.25,0.25
7815,14174,0.891055166721344,9,6,3,3,3,0.3333333,0.5
5737,14785,0.8040799498558044,21,27,8,8,8,0.3809524,0.2962963
3875,10999,0.8020526170730591,7,4,1,1,1,0.1428571,0.25
3861,17251,0.7885962724685669,14,14,1,1,1,0.0714286,0.0714286
4926,11159,0.8451294898986816,5,14,0,0,0,0.0,0.0
4821,18196,0.8799816966056824,19,11,4,4,4,0.2105263,0.3636364
263,19209,0.8331927061080933,4,11,0,0,0,0.0,0.0
7631,17062,0.7536985874176025,6,4,1,1,1,0.1666667,0.25
4614,11338,0.8956170082092285,4,3,1,1,1,0.25,0.3333333
4213,18084,0.7634016275405884,6,4,1,1,1,0.1666667,0.25
7221,17694,0.7486231327056885,3,4,2,2,2,0.6666667,0.5
8671,13313,0.7102513313293457,39,129,18,18,18,0.4615385,0.1395349
6939,12117,0.8134099245071411,5,5,2,2,2,0.4,0.4
2119,11552,0.7970569729804993,26,28,3,3,3,0.1153846,0.1071429
5899,18238,0.788678765296936,17,14,3,3,3,0.1764706,0.2142857
4447,16162,0.7595391273498535,7,3,1,1,1,0.1428571,0.3333333
7540,12118,0.7778898477554321,3,10,0,0,0,0.0,0.0
9372,15058,0.6469101905822754,13,15,3,3,3,0.2307692,0.2
8776,16790,0.5462945699691772,35,48,7,7,7,0.2,0.1458333
8685,16114,0.8434365391731262,12,16,2,2,2,0.1666667,0.125
6080,13452,0.8570088148117065,64,350,58,58,58,0.90625,0.1657143
407,11214,0.8319228887557983,33,44,6,6,6,0.1818182,0.1363636
1618,15039,0.8118398189544678,73,66,17,17,17,0.2328767,0.2575758
9417,18485,0.8524437546730042,85,413,66,66,66,0.7764706,0.1598063
9057,17010,0.7206235527992249,3,3,1,1,1,0.3333333,0.3333333
3002,12147,0.7297676801681519,12,9,2,2,2,0.1666667,0.2222222
4839,16514,0.7754888534545898,18,7,2,2,2,0.1111111,0.2857143
5873,10843,0.7527700066566467,6,6,2,2,2,0.3333333,0.3333333
7928,17833,0.8556908369064331,22,35,10,10,10,0.4545455,0.2857143
2401,16589,0.8439483642578125,13,21,2,2,2,0.1538462,0.0952381
7296,14215,0.8975178599357605,16,13,1,1,1,0.0625,0.0769231
3305,16879,0.893905520439148,81,81,7,7,7,0.0864198,0.0864198
7637,17662,0.7155495882034302,35,38,13,13,13,0.3714286,0.3421053
2352,18947,0.8623287677764893,27,32,7,7,7,0.2592593,0.21875
953,16203,0.8505160808563232,38,51,17,17,17,0.4473684,0.3333333
7475,14567,0.7713133096694946,9,8,0,0,0,0.0,0.0
3514,14221,0.7548313140869141,26,26,9,9,9,0.3461538,0.3461538
2697,15805,0.644327700138092,6,5,3,3,3,0.5,0.6
5096,13788,0.7607555389404297,9,7,2,2,2,0.2222222,0.2857143
6128,16070,0.8575353026390076,32,52,10,10,10,0.3125,0.1923077
4062,12634,0.7510499358177185,7,5,1,1,1,0.1428571,0.2
8313,11766,0.8317099809646606,29,11,6,6,6,0.2068966,0.5454545
7465,14000,0.8561357259750366,20,12,5,5,5,0.25,0.4166667
4965,10866,0.8394073843955994,167,370,50,50,50,0.2994012,0.1351351
4013,18641,0.7589229345321655,120,132,32,32,32,0.2666667,0.2424242
8139,13312,0.8528741598129272,19,14,2,2,2,0.1052632,0.1428571
9556,19042,0.8797179460525513,5,5,1,1,1,0.2,0.2
5766,16778,0.8218792080879211,80,91,10,10,10,0.125,0.1098901
4940,10400,0.7349728345870972,40,34,3,3,3,0.075,0.0882353
6088,10004,0.8383070230484009,9,16,1,1,1,0.1111111,0.0625
5874,16576,0.845549464225769,22,36,4,4,4,0.1818182,0.1111111
1140,13949,0.8111245632171631,94,85,24,24,24,0.2553191,0.2823529
3260,16044,0.8294045925140381,327,290,72,72,72,0.2201835,0.2482759
1603,15287,0.7538578510284424,7,13,2,2,2,0.2857143,0.1538462
153,14298,0.7727146148681641,12,16,3,3,3,0.25,0.1875
886,13803,0.8423075675964355,9,6,0,0,0,0.0,0.0
6676,15888,0.815245509147644,7,10,2,2,2,0.2857143,0.2
6336,15294,0.8417268991470337,10,5,4,4,4,0.4,0.8
2910,10799,0.7417593002319336,15,13,0,0,0,0.0,0.0
8637,14813,0.8393566608428955,37,18,9,9,9,0.2432432,0.5
8934,15594,0.7860276699066162,6,7,1,1,1,0.1666667,0.1428571
9402,11498,0.6982558965682983,25,38,7,7,7,0.28,0.1842105
5824,16961,0.8533719778060913,4,3,0,0,0,0.0,0.0
8359,14725,0.8231806755065918,3,2,0,0,0,0.0,0.0
7776,17559,0.7014482021331787,11,9,0,0,0,0.0,0.0
5722,17587,0.8230180144309998,28,24,4,4,4,0.1428571,0.1666667
3529,18397,0.8402742743492126,5,2,0,0,0,0.0,0.0
5939,11205,0.8108125925064087,4,11,1,1,1,0.25,0.0909091
1398,12765,0.7623382806777954,6,30,4,4,4,0.6666667,0.1333333
2239,16270,0.784137487411499,4,3,0,0,0,0.0,0.0
5352,18929,0.8144710063934326,6,5,1,1,1,0.1666667,0.2
9515,18506,0.6810334920883179,8,20,2,2,2,0.25,0.1
3408,14881,0.825870931148529,21,17,2,2,2,0.0952381,0.1176471
808,14512,0.8791959285736084,9,6,2,2,2,0.2222222,0.3333333
1038,15239,0.8388523459434509,5,16,4,4,4,0.8,0.25
637,19096,0.7848600745201111,20,15,6,6,6,0.3,0.4
2260,17761,0.846808671951294,4,3,1,1,1,0.25,0.3333333
8863,11467,0.8037528991699219,25,18,5,5,5,0.2,0.2777778
6881,10425,0.7957492470741272,13,3,0,0,0,0.0,0.0
9647,14438,0.7785968780517578,8,6,0,0,0,0.0,0.0
7020,12017,0.7992789149284363,28,26,6,6,6,0.2142857,0.2307692
2838,19171,0.8097684979438782,7,11,1,1,1,0.1428571,0.0909091
9280,14909,0.7903592586517334,92,105,23,23,23,0.25,0.2190476
8826,12524,0.8080841302871704,8,6,1,1,1,0.125,0.1666667
3780,11696,0.8160470128059387,125,124,17,17,17,0.136,0.1370968
6453,15581,0.7653340697288513,12,7,2,2,2,0.1666667,0.2857143
7175,13882,0.7817598581314087,26,55,8,8,8,0.3076923,0.1454545
9541,17430,0.8445404171943665,7,6,0,0,0,0.0,0.0
5027,12771,0.8413904309272766,80,78,11,11,11,0.1375,0.1410256
4331,11427,0.7609106302261353,15,19,4,4,4,0.2666667,0.2105263
4389,11288,0.7608292102813721,20,40,4,4,4,0.2,0.1
2038,14922,0.8941585421562195,55,62,13,13,13,0.2363636,0.2096774
5754,18060,0.8504493236541748,3,3,1,1,1,0.3333333,0.3333333
4436,12940,0.8505547642707825,192,242,62,62,62,0.3229167,0.2561983
2489,12085,0.8907250165939331,27,40,8,8,8,0.2962963,0.2
3886,12882,0.9643641710281372,45,46,7,7,7,0.1555556,0.1521739
2240,15136,0.82144695520401,5,5,3,3,3,0.6,0.6
2413,11043,0.8723875284194946,24,21,5,5,5,0.2083333,0.2380952
8477,10362,0.8186118602752686,16,14,4,4,4,0.25,0.2857143
7992,18835,0.6787935495376587,5,3,1,1,1,0.2,0.3333333
3637,18450,0.828323483467102,9,5,2,2,2,0.2222222,0.4
3939,9775,0.818219006061554,15,14,5,5,5,0.3333333,0.3571429
2370,16679,0.858244776725769,17,14,5,5,5,0.2941176,0.3571429
6247,13913,0.819429337978363,117,111,33,33,33,0.2820513,0.2972973
7945,11440,0.8027640581130981,15,12,3,3,3,0.2,0.25
9061,11846,0.7466087937355042,4,3,0,0,0,0.0,0.0
4110,13714,0.8075525164604187,5,3,1,1,1,0.2,0.3333333
6342,14001,0.8120615482330322,7,12,1,1,1,0.1428571,0.0833333
4826,18845,0.7024849057197571,35,46,8,8,8,0.2285714,0.173913
6137,14800,0.824594259262085,7,5,1,1,1,0.1428571,0.2
6013,16836,0.8565280437469482,57,162,26,26,26,0.4561404,0.1604938
4640,10883,0.6717652082443237,33,44,7,7,7,0.2121212,0.1590909
6771,14299,0.7759672999382019,6,8,0,0,0,0.0,0.0
6626,16919,0.8443279266357422,137,126,34,34,34,0.2481752,0.2698413
7125,17011,0.7120144963264465,3,3,1,1,1,0.3333333,0.3333333
3513,16819,0.7716468572616577,19,13,3,3,3,0.1578947,0.2307692
332,16356,0.7773603796958923,140,136,39,39,39,0.2785714,0.2867647
6931,9948,0.8330390453338623,13,49,10,10,10,0.7692308,0.2040816
6332,11080,0.8719075918197632,235,419,70,70,70,0.2978723,0.1670644
7038,13457,0.8322896361351013,6,5,0,0,0,0.0,0.0
7290,16418,0.8319506645202637,25,35,4,4,4,0.16,0.1142857
8181,13508,0.7725565433502197,8,5,1,1,1,0.125,0.2
1284,17418,0.8063336610794067,8,3,1,1,1,0.125,0.3333333
614,10570,0.9066145420074464,146,115,28,28,28,0.1917808,0.2434783
8117,18447,0.8273031115531921,11,9,3,3,3,0.2727273,0.3333333
9224,13175,0.840855598449707,23,25,6,6,6,0.2608696,0.24
7932,10673,0.6885636448860168,4,6,1,1,1,0.25,0.1666667
6715,16982,0.8379999399185181,12,13,2,2,2,0.1666667,0.1538462
8519,14792,0.7949515581130981,11,9,2,2,2,0.1818182,0.2222222
7459,10611,0.8347222805023193,4,3,0,0,0,0.0,0.0
8282,18900,0.8353589773178101,16,17,6,6,6,0.375,0.3529412
6998,10252,0.7601423859596252,28,34,4,4,4,0.1428571,0.1176471
4406,12368,0.7985687255859375,21,25,3,3,3,0.1428571,0.12
8325,16997,0.7790939807891846,59,69,16,16,16,0.2711864,0.2318841
6672,16094,0.8470619320869446,14,22,2,2,2,0.1428571,0.0909091
2111,10420,0.8534745573997498,3,2,0,0,0,0.0,0.0
331,10459,0.7705155611038208,17,16,5,5,5,0.2941176,0.3125
3130,11451,0.8346962332725525,2,4,1,1,1,0.5,0.25
4499,12186,0.7177374958992004,62,76,9,9,9,0.1451613,0.1184211
7565,10978,0.88312828540802,5,4,2,2,2,0.4,0.5
5452,16506,0.7792937755584717,13,12,3,3,3,0.2307692,0.25
6106,17790,0.838560938835144,85,77,23,23,23,0.2705882,0.2987013
6829,19051,0.8357276916503906,12,10,1,1,1,0.0833333,0.1
2960,12144,0.7806828022003174,20,28,4,4,4,0.2,0.1428571
6653,19091,0.8897914886474609,5,3,1,1,1,0.2,0.3333333
3038,10931,0.816481351852417,14,13,0,0,0,0.0,0.0
7076,14498,0.7417223453521729,12,23,5,5,5,0.4166667,0.2173913
8683,16862,0.6851726174354553,3,10,2,2,2,0.6666667,0.2
1239,13995,0.8048686385154724,193,170,50,50,50,0.2590674,0.2941176
4528,18866,0.7827720046043396,35,14,5,5,5,0.1428571,0.3571429
4746,11626,0.8685480356216431,15,37,4,4,4,0.2666667,0.1081081
5707,11404,0.7415632009506226,4,2,0,0,0,0.0,0.0
7453,10894,0.8793959617614746,51,54,19,19,19,0.372549,0.3518519
8759,18434,0.8272524476051331,2,2,0,0,0,0.0,0.0
8719,16906,0.8455315828323364,15,14,2,2,2,0.1333333,0.1428571
6362,16933,0.7838085889816284,19,17,5,5,5,0.2631579,0.2941176
5546,12246,0.7984654307365417,20,20,5,5,5,0.25,0.25
8268,10325,0.746414065361023,40,50,11,11,11,0.275,0.22
2939,17202,0.7559484243392944,12,19,5,5,5,0.4166667,0.2631579
1143,14264,0.8139759302139282,2,13,1,1,1,0.5,0.0769231
3255,16275,0.7314572334289551,9,13,1,1,1,0.1111111,0.0769231
8200,14247,0.8229918479919434,4,3,0,0,0,0.0,0.0
861,19044,0.7166130542755127,21,35,1,1,1,0.047619,0.0285714
2375,19231,0.8657388091087341,11,5,0,0,0,0.0,0.0
1336,14844,0.8274997472763062,20,19,0,0,0,0.0,0.0
6221,11602,0.7895203828811646,37,36,5,5,5,0.1351351,0.1388889
6891,11433,0.7172824144363403,8,7,2,2,2,0.25,0.2857143
7314,13336,0.7882392406463623,3,4,0,0,0,0.0,0.0
3047,19220,0.795364499092102,10,9,1,1,1,0.1,0.1111111
8145,15070,0.7429904937744141,18,10,5,5,5,0.2777778,0.5
7374,11437,0.8961949348449707,32,49,4,4,4,0.125,0.0816327
2072,15522,0.8007149696350098,3,2,0,0,0,0.0,0.0
2292,18909,0.8012794852256775,6,6,2,2,2,0.3333333,0.3333333
4027,14926,0.7966709136962891,401,608,107,107,107,0.2668329,0.1759868
2429,16174,0.8166395425796509,6,8,1,1,1,0.1666667,0.125
5960,11273,0.8931620717048645,14,15,3,3,3,0.2142857,0.2
8297,15060,0.8003438115119934,6,6,2,2,2,0.3333333,0.3333333
4229,16229,0.8533470630645752,12,5,2,2,2,0.1666667,0.4
5527,10259,0.8010711669921875,22,6,0,0,0,0.0,0.0
2016,10379,0.758493959903717,4,4,1,1,1,0.25,0.25
5821,17238,0.8008722066879272,7,8,3,3,3,0.4285714,0.375
925,11988,0.7876049280166626,107,96,24,24,24,0.2242991,0.25
304,16745,0.8166046142578125,5,4,0,0,0,0.0,0.0
3691,13786,0.8150506019592285,12,33,3,3,3,0.25,0.0909091
5072,9800,0.796686589717865,14,10,1,1,1,0.0714286,0.1
9296,16005,0.8491012454032898,7,36,4,4,4,0.5714286,0.1111111
2548,12347,0.8547374606132507,158,142,21,21,21,0.1329114,0.1478873
8827,11096,0.7970174551010132,16,11,3,3,3,0.1875,0.2727273
7641,15141,0.7960000038146973,8,7,2,2,2,0.25,0.2857143
1425,11752,0.8401349782943726,114,120,28,28,28,0.245614,0.2333333
5549,18477,0.7833223342895508,9,24,3,3,3,0.3333333,0.125
9163,16234,0.7946380972862244,7,5,0,0,0,0.0,0.0
5501,11675,0.7161000967025757,11,25,6,6,6,0.5454545,0.24
2172,11134,0.7851715087890625,58,58,21,21,21,0.362069,0.362069
2318,12271,0.8678842782974243,12,13,2,2,2,0.1666667,0.1538462
7744,14451,0.8322895169258118,12,16,5,5,5,0.4166667,0.3125
9237,11875,0.7820466160774231,21,14,3,3,3,0.1428571,0.2142857
8080,15345,0.8776782751083374,9,23,3,3,3,0.3333333,0.1304348
4116,12630,0.8248300552368164,15,24,2,2,2,0.1333333,0.0833333
2264,19066,0.7814699411392212,4,2,0,0,0,0.0,0.0
100,14978,0.8053173422813416,24,14,1,1,1,0.0416667,0.0714286
2363,11231,0.7648705244064331,10,6,1,1,1,0.1,0.1666667
3698,10661,0.7567181587219238,8,12,2,2,2,0.25,0.1666667
9586,16350,0.8281265497207642,3,4,0,0,0,0.0,0.0
7873,9883,0.7872798442840576,3,2,0,0,0,0.0,0.0
4588,13613,0.7998660206794739,18,18,2,2,2,0.1111111,0.1111111
1523,12687,0.7728231549263,3,2,0,0,0,0.0,0.0
8894,15161,0.8430685997009277,34,35,10,10,10,0.2941176,0.2857143
7217,12732,0.8038133382797241,4,4,0,0,0,0.0,0.0
2300,13138,0.8643689751625061,7,7,0,0,0,0.0,0.0
2391,10516,0.815973162651062,25,29,2,2,2,0.08,0.0689655
2809,17710,0.785438060760498,5,6,2,2,2,0.4,0.3333333
1805,19022,0.8332000970840454,127,125,17,17,17,0.1338583,0.136
855,15503,0.7685039639472961,10,8,1,1,1,0.1,0.125
5215,11244,0.8158062696456909,5,2,0,0,0,0.0,0.0
5393,18978,0.8597582578659058,14,19,5,5,5,0.3571429,0.2631579
7351,12560,0.7049214839935303,8,5,2,2,2,0.25,0.4
9177,13391,0.7752071619033813,7,4,0,0,0,0.0,0.0
8457,11610,0.7942111492156982,16,18,6,6,6,0.375,0.3333333
1652,12814,0.7557109594345093,17,10,4,4,4,0.2352941,0.4
4497,12541,0.7818371653556824,4,2,0,0,0,0.0,0.0
2381,18701,0.9011425971984864,28,32,4,4,4,0.1428571,0.125
8319,17832,0.8252547383308411,5,4,0,0,0,0.0,0.0
3790,18606,0.715813398361206,12,6,2,2,2,0.1666667,0.3333333
4345,9824,0.8532559871673584,7,5,2,2,2,0.2857143,0.4
7712,13977,0.8323667645454407,28,31,7,7,7,0.25,0.2258065
9431,12201,0.8594209551811218,17,13,8,8,8,0.4705882,0.6153846
8829,12770,0.8352949023246765,60,67,13,13,13,0.2166667,0.1940299
1070,14766,0.8094608187675476,46,66,13,13,13,0.2826087,0.1969697
1904,11322,0.7905746698379517,11,16,5,5,5,0.4545455,0.3125
7855,18757,0.8363083004951477,3,5,2,2,2,0.6666667,0.4
708,14944,0.8176398873329163,13,19,2,2,2,0.1538462,0.1052632
8289,9909,0.8491162657737732,28,31,3,3,3,0.1071429,0.0967742
9548,16434,0.8473780155181885,9,10,1,1,1,0.1111111,0.1
5411,13239,0.7723939418792725,23,17,1,1,1,0.0434783,0.0588235
4505,18421,0.7965710163116455,119,104,34,34,34,0.2857143,0.3269231
8204,12839,0.8712387084960938,11,6,2,2,2,0.1818182,0.3333333
1452,13003,0.8025579452514648,12,7,4,4,4,0.3333333,0.5714286
7503,15537,0.8019495010375977,50,114,17,17,17,0.34,0.1491228
593,17973,0.7322055101394653,43,42,9,9,9,0.2093023,0.2142857
9042,10267,0.8503597974777222,32,29,6,6,6,0.1875,0.2068966
4750,17061,0.737568736076355,71,75,14,14,14,0.1971831,0.1866667
5115,13892,0.826592743396759,15,12,4,4,4,0.2666667,0.3333333
5475,9854,0.6732313632965088,71,87,16,16,16,0.2253521,0.183908
4730,11606,0.8112058043479919,54,66,8,8,8,0.1481481,0.1212121
4920,12490,0.8907129764556885,12,26,4,4,4,0.3333333,0.1538462
3261,15708,0.7908423542976379,11,9,6,6,6,0.5454545,0.6666667
2048,18338,0.79432612657547,19,17,6,6,6,0.3157895,0.3529412
6678,15846,0.8453607559204102,8,7,1,1,1,0.125,0.1428571
2924,9935,0.8425188064575195,4,5,2,2,2,0.5,0.4
3650,15296,0.853825569152832,24,6,4,4,4,0.1666667,0.6666667
8341,18864,0.7797785401344299,7,8,2,2,2,0.2857143,0.25
8310,17305,0.8158575296401978,17,14,5,5,5,0.2941176,0.3571429
7196,19154,0.8082969784736633,5,6,2,2,2,0.4,0.3333333
7311,15465,0.7784091830253601,5,3,0,0,0,0.0,0.0
1076,13524,0.796478807926178,21,21,3,3,3,0.1428571,0.1428571
8743,12613,0.8452086448669434,57,60,16,16,16,0.2807018,0.2666667
6673,19235,0.755090594291687,11,10,3,3,3,0.2727273,0.3
4028,10115,0.8711100816726685,136,341,51,51,51,0.375,0.1495601
4556,14521,0.7588196992874146,15,30,6,6,6,0.4,0.2
5835,11570,0.8825945258140564,7,5,0,0,0,0.0,0.0
7009,11721,0.7094437479972839,193,187,40,40,40,0.2072539,0.2139037
5407,18628,0.775784432888031,2,2,0,0,0,0.0,0.0
1470,10503,0.7870007753372192,15,14,3,3,3,0.2,0.2142857
5687,10954,0.8553887605667114,62,76,11,11,11,0.1774194,0.1447368
9658,18254,0.8047811388969421,13,12,3,3,3,0.2307692,0.25
1397,16705,0.7704393863677979,8,10,5,5,5,0.625,0.5
5319,9969,0.8560135364532471,3,34,1,1,1,0.3333333,0.0294118
6019,16616,0.6849606037139893,5,2,1,1,1,0.2,0.5
623,15361,0.8721051216125488,21,21,4,4,4,0.1904762,0.1904762
932,13227,0.7689835429191589,7,6,1,1,1,0.1428571,0.1666667
8105,9975,0.8231555223464966,8,4,0,0,0,0.0,0.0
6977,9940,0.8019844889640808,14,19,2,2,2,0.1428571,0.1052632
6762,10918,0.8120079040527344,18,5,2,2,2,0.1111111,0.4
193,14321,0.7205648422241211,12,10,1,1,1,0.0833333,0.1
6865,10787,0.7389104962348938,11,9,3,3,3,0.2727273,0.3333333
2907,13256,0.854991614818573,11,6,2,2,2,0.1818182,0.3333333
1867,18438,0.8020216822624207,66,263,47,47,47,0.7121212,0.1787072
1152,10499,0.7288562655448914,8,4,3,3,3,0.375,0.75
8844,11073,0.7487236261367798,5,4,2,2,2,0.4,0.5
1144,10086,0.8848177194595337,5,5,1,1,1,0.2,0.2
5106,11559,0.8339394927024841,8,4,2,2,2,0.25,0.5
921,17247,0.8816379308700562,4,18,0,0,0,0.0,0.0
9058,13662,0.7773897647857666,6,6,3,3,3,0.5,0.5
9568,14401,0.8523558378219604,9,6,3,3,3,0.3333333,0.5
7322,12050,0.8125499486923218,19,31,5,5,5,0.2631579,0.1612903
4747,12529,0.8078005313873291,8,13,1,1,1,0.125,0.0769231
7128,10644,0.7171050310134888,7,5,0,0,0,0.0,0.0
1588,16398,0.752811849117279,2,2,0,0,0,0.0,0.0
4856,17311,0.5971758365631104,14,16,3,3,3,0.2142857,0.1875
8205,12519,0.7772158980369568,32,42,9,9,9,0.28125,0.2142857
525,10458,0.7701904773712158,21,21,6,6,6,0.2857143,0.2857143
2973,18017,0.7511592507362366,7,15,4,4,4,0.5714286,0.2666667
3281,15280,0.7850680351257324,102,84,33,33,33,0.3235294,0.3928571
3333,11126,0.7694003582000732,11,9,1,1,1,0.0909091,0.1111111
3276,16742,0.6805460453033447,128,140,36,36,36,0.28125,0.2571429
5366,15139,0.7781660556793213,147,262,70,70,70,0.4761905,0.2671756
7623,10478,0.7846823930740356,38,75,15,15,15,0.3947368,0.2
7617,13144,0.78453528881073,15,14,5,5,5,0.3333333,0.3571429
5696,15459,0.8469150066375732,13,2,0,0,0,0.0,0.0
6590,12294,0.8310287594795227,8,5,1,1,1,0.125,0.2
7664,11534,0.8398216962814331,12,21,7,7,7,0.5833333,0.3333333
3988,9866,0.8360365629196167,30,32,2,2,2,0.0666667,0.0625
9433,15623,0.778753399848938,5,6,2,2,2,0.4,0.3333333
9671,14103,0.8441378474235535,7,4,2,2,2,0.2857143,0.5
6962,10710,0.8467992544174194,85,68,20,20,20,0.2352941,0.2941176
9026,18237,0.8956839442253113,61,59,17,17,17,0.2786885,0.2881356
9617,18333,0.7508138418197632,8,5,1,1,1,0.125,0.2
5876,14464,0.8334759473800659,3,9,0,0,0,0.0,0.0
3651,15613,0.7051668167114258,5,15,2,2,2,0.4,0.1333333
3921,16377,0.8081787824630737,4,5,2,2,2,0.5,0.4
8116,11636,0.8875316381454468,10,13,0,0,0,0.0,0.0
7487,15635,0.9338379502296448,197,194,35,35,35,0.177665,0.1804124
7593,14713,0.8269285559654236,67,50,13,13,13,0.1940299,0.26
2987,14895,0.8959380984306335,60,59,18,18,18,0.3,0.3050847
5660,15333,0.8612697720527649,11,26,3,3,3,0.2727273,0.1153846
2146,14810,0.8675938844680786,8,7,0,0,0,0.0,0.0
7017,18574,0.8327129483222961,11,7,2,2,2,0.1818182,0.2857143
2868,18852,0.7882423400878906,9,5,1,1,1,0.1111111,0.2
7392,17096,0.7872107028961182,5,2,0,0,0,0.0,0.0
958,11382,0.7097595930099487,112,103,22,22,22,0.1964286,0.2135922
8127,9966,0.8588645458221436,4,2,0,0,0,0.0,0.0
323,10871,0.8630871772766113,8,6,0,0,0,0.0,0.0
7204,10071,0.907506823539734,55,58,9,9,9,0.1636364,0.1551724
3246,11075,0.7574476599693298,136,348,52,52,52,0.3823529,0.1494253
1048,11312,0.8753724694252014,29,39,11,11,11,0.3793103,0.2820513
2998,16868,0.8623379468917847,6,4,1,1,1,0.1666667,0.25
8403,13247,0.784574031829834,4,4,0,0,0,0.0,0.0
2593,16145,0.7937716245651245,6,3,0,0,0,0.0,0.0
4317,15796,0.8086961507797241,10,6,2,2,2,0.2,0.3333333
2985,15357,0.858612060546875,7,5,1,1,1,0.1428571,0.2
5357,16621,0.8028237819671631,7,3,2,2,2,0.2857143,0.6666667
2056,13990,0.7842884063720703,12,8,2,2,2,0.1666667,0.25
9536,13253,0.8441750407218933,3,2,0,0,0,0.0,0.0
3760,14041,0.824211835861206,12,6,3,3,3,0.25,0.5
2955,12561,0.7274819612503052,5,4,0,0,0,0.0,0.0
7810,16301,0.8308916687965393,18,12,4,4,4,0.2222222,0.3333333
6834,18615,0.7307091951370239,80,85,31,31,31,0.3875,0.3647059
8608,14740,0.7857872247695923,6,6,2,2,2,0.3333333,0.3333333
9423,12149,0.8771607279777527,55,76,17,17,17,0.3090909,0.2236842
1477,15976,0.7658700346946716,6,4,1,1,1,0.1666667,0.25
2003,14365,0.7732385993003845,15,6,1,1,1,0.0666667,0.1666667
7834,10215,0.7730885744094849,12,17,5,5,5,0.4166667,0.2941176
4934,18774,0.8846195340156555,18,30,0,0,0,0.0,0.0
4100,15430,0.8060973882675171,14,13,4,4,4,0.2857143,0.3076923
5020,11235,0.8209304809570312,15,94,9,9,9,0.6,0.0957447
7521,10169,0.7197014689445496,103,87,25,25,25,0.2427184,0.2873563
2008,14565,0.8730887770652771,75,154,30,30,30,0.4,0.1948052
651,12492,0.855700671672821,7,10,0,0,0,0.0,0.0
5282,17507,0.806491494178772,9,10,3,3,3,0.3333333,0.3
4972,11423,0.782486617565155,7,6,1,1,1,0.1428571,0.1666667
151,13746,0.8435561656951904,12,11,2,2,2,0.1666667,0.1818182
6317,10898,0.7562593221664429,20,12,6,6,6,0.3,0.5
6147,10078,0.8971830606460571,156,176,34,34,34,0.2179487,0.1931818
7998,17268,0.8322547674179077,22,26,6,6,6,0.2727273,0.2307692
547,15445,0.8597275018692017,8,7,4,4,4,0.5,0.5714286
434,16965,0.8327314257621765,16,12,2,2,2,0.125,0.1666667
6324,17065,0.8124575614929199,118,113,29,29,29,0.2457627,0.2566372
850,13496,0.8518779277801514,47,52,11,11,11,0.2340426,0.2115385
9326,11326,0.8384778499603271,16,27,6,6,6,0.375,0.2222222
3415,17290,0.8053314685821533,6,5,0,0,0,0.0,0.0
963,15588,0.901436686515808,13,12,2,2,2,0.1538462,0.1666667
591,18260,0.8441066145896912,10,8,3,3,3,0.3,0.375
5580,17321,0.961463451385498,99,96,16,16,16,0.1616162,0.1666667
3440,18515,0.8094205856323242,10,7,2,2,2,0.2,0.2857143
6964,18185,0.8388204574584961,5,7,1,1,1,0.2,0.1428571
2758,16760,0.8041191101074219,10,12,1,1,1,0.1,0.0833333
8871,13491,0.9668334126472472,4,3,1,1,1,0.25,0.3333333
7567,11281,0.7002747654914856,18,9,6,6,6,0.3333333,0.6666667
4190,12447,0.7774484157562256,37,40,9,9,9,0.2432432,0.225
4991,14424,0.7645856142044067,12,6,2,2,2,0.1666667,0.3333333
6666,15494,0.6542304754257202,44,56,21,21,21,0.4772727,0.375
8496,18281,0.7878910899162292,19,15,5,5,5,0.2631579,0.3333333
7183,11556,0.7704232931137085,11,13,3,3,3,0.2727273,0.2307692
3987,15098,0.8074451088905334,21,19,8,8,8,0.3809524,0.4210526
505,12163,0.8334234356880188,11,25,2,2,2,0.1818182,0.08
2173,17804,0.7954665422439575,22,22,2,2,2,0.0909091,0.0909091
678,10248,0.8755450248718262,14,18,3,3,3,0.2142857,0.1666667
40,18479,0.7123662233352661,53,54,6,6,6,0.1132075,0.1111111
5253,10344,0.8545511364936829,9,7,2,2,2,0.2222222,0.2857143
348,16380,0.7380314469337463,21,17,8,8,8,0.3809524,0.4705882
5097,13623,0.8845551013946533,5,21,0,0,0,0.0,0.0
6589,11985,0.7889086604118347,86,85,15,15,15,0.1744186,0.1764706
2469,12024,0.835009753704071,16,14,2,2,2,0.125,0.1428571
3660,11441,0.7668843269348145,15,14,2,2,2,0.1333333,0.1428571
2543,14570,0.8442378044128418,23,40,5,5,5,0.2173913,0.125
4996,9784,0.8541375994682312,15,27,3,3,3,0.2,0.1111111
2184,13734,0.8704129457473755,44,58,17,17,17,0.3863636,0.2931034
6248,13534,0.7727434635162354,13,12,0,0,0,0.0,0.0
2455,11753,0.7782642245292664,8,3,0,0,0,0.0,0.0
1286,12849,0.7793276309967041,6,9,4,4,4,0.6666667,0.4444444
8796,11460,0.857936441898346,4,4,1,1,1,0.25,0.25
836,12383,0.8582005500793457,19,18,1,1,1,0.0526316,0.0555556
3043,18684,0.8334982991218567,19,11,5,5,5,0.2631579,0.4545455
1969,12353,0.7882754802703857,20,14,6,6,6,0.3,0.4285714
6475,15647,0.7833778262138367,4,5,2,2,2,0.5,0.4
8438,10296,0.8475185632705688,85,83,18,18,18,0.2117647,0.2168675
4836,12958,0.8518182635307312,8,8,1,1,1,0.125,0.125
5446,10263,0.7899203300476074,8,6,2,2,2,0.25,0.3333333
6694,17124,0.7386965751647949,54,54,13,13,13,0.2407407,0.2407407
2893,12221,0.8068480491638184,136,81,22,22,22,0.1617647,0.2716049
200,15597,0.7928675413131714,37,37,11,11,11,0.2972973,0.2972973
8381,16219,0.8182461261749268,4,4,1,1,1,0.25,0.25
7839,16690,0.8327103853225708,7,3,1,1,1,0.1428571,0.3333333
8814,10179,0.7387197017669678,9,8,3,3,3,0.3333333,0.375
6581,17103,0.8012217283248901,34,52,11,11,11,0.3235294,0.2115385
4119,16699,0.843019425868988,156,133,43,43,43,0.275641,0.3233083
4648,9995,0.7959346771240234,90,93,20,20,20,0.2222222,0.2150538
400,15069,0.8572816848754883,27,28,3,3,3,0.1111111,0.1071429
5502,17863,0.8182756900787354,102,35,20,20,20,0.1960784,0.5714286
8240,14638,0.8082358837127686,4,2,0,0,0,0.0,0.0
2643,13479,0.8623707890510559,23,25,5,5,5,0.2173913,0.2
2496,18384,0.8144108057022095,9,7,0,0,0,0.0,0.0
4473,16824,0.8359955549240112,70,65,14,14,14,0.2,0.2153846
4830,15255,0.6932619214057922,81,79,19,19,19,0.2345679,0.2405063
4571,14177,0.793574333190918,8,4,1,1,1,0.125,0.25
9462,17053,0.839145302772522,35,31,7,7,7,0.2,0.2258065
8503,17879,0.7785930633544922,3,3,0,0,0,0.0,0.0
5967,14557,0.822180449962616,6,14,2,2,2,0.3333333,0.1428571
4417,11266,0.7615755796432495,120,115,15,15,15,0.125,0.1304348
7424,14767,0.7876062393188477,5,5,2,2,2,0.4,0.4
8168,16433,0.7903359532356262,10,6,3,3,3,0.3,0.5
3882,13996,0.7576638460159302,4,5,0,0,0,0.0,0.0
5922,9832,0.7957549095153809,45,55,6,6,6,0.1333333,0.1090909
604,10266,0.8199731707572937,4,3,1,1,1,0.25,0.3333333
2436,10008,0.7998971939086914,4,4,0,0,0,0.0,0.0
5296,10681,0.7293554544448853,11,9,4,4,4,0.3636364,0.4444444
1836,15233,0.7493947744369507,10,13,2,2,2,0.2,0.1538462
2387,13795,0.8525302410125732,19,5,1,1,1,0.0526316,0.2
8964,19148,0.7678109407424927,23,43,7,7,7,0.3043478,0.1627907
5308,15881,0.857039213180542,8,9,2,2,2,0.25,0.2222222
8596,12714,0.7179392576217651,13,6,2,2,2,0.1538462,0.3333333
9262,13069,0.8160969018936157,4,2,0,0,0,0.0,0.0
8124,11937,0.8314627408981323,11,10,1,1,1,0.0909091,0.1
7622,13676,0.9067445993423462,93,253,49,49,49,0.5268817,0.1936759
3011,16898,0.8234632015228271,14,15,5,5,5,0.3571429,0.3333333
376,17326,0.7408668398857117,7,3,0,0,0,0.0,0.0
5421,14073,0.9481652975082396,47,64,8,8,8,0.1702128,0.125
8918,16907,0.8088803291320801,5,6,2,2,2,0.4,0.3333333
1967,17765,0.8872722387313843,12,9,2,2,2,0.1666667,0.2222222
2990,18272,0.7968676686286926,20,15,3,3,3,0.15,0.2
245,10755,0.8302478790283203,6,8,0,0,0,0.0,0.0
3946,17148,0.835314929485321,3,3,1,1,1,0.3333333,0.3333333
6220,11982,0.8859426379203796,50,52,4,4,4,0.08,0.0769231
9580,12978,0.84749835729599,5,3,0,0,0,0.0,0.0
6207,17641,0.8327947854995728,13,27,7,7,7,0.5384615,0.2592593
5055,10079,0.7164850234985352,20,7,3,3,3,0.15,0.4285714
969,10642,0.8168843984603882,5,6,1,1,1,0.2,0.1666667
302,17381,0.838097333908081,9,10,3,3,3,0.3333333,0.3
488,10189,0.8270602226257324,11,7,1,1,1,0.0909091,0.1428571
5643,10923,0.8903052806854248,7,7,1,1,1,0.1428571,0.1428571
1897,18050,0.8835964202880859,54,54,12,12,12,0.2222222,0.2222222
1671,18827,0.8358662128448486,43,62,10,10,10,0.2325581,0.1612903
639,16365,0.8205279111862183,8,6,0,0,0,0.0,0.0
5689,15585,0.8508995771408081,6,6,2,2,2,0.3333333,0.3333333
3180,12217,0.7826671004295349,9,8,2,2,2,0.2222222,0.25
5519,14765,0.8026512861251831,8,4,0,0,0,0.0,0.0
3312,14508,0.7549049854278564,6,3,1,1,1,0.1666667,0.3333333
6350,18714,0.9049110412597656,28,78,11,11,11,0.3928571,0.1410256
5275,14404,0.7793287634849548,5,4,1,1,1,0.2,0.25
6320,12684,0.7975612878799438,9,4,2,2,2,0.2222222,0.5
185,15785,0.7314485311508179,6,4,1,1,1,0.1666667,0.25
173,12284,0.8356752991676331,9,9,3,3,3,0.3333333,0.3333333
1609,15818,0.8072257041931152,6,4,2,2,2,0.3333333,0.5
2105,10509,0.876964271068573,53,47,11,11,11,0.2075472,0.2340426
5363,15950,0.8110759854316711,13,14,2,2,2,0.1538462,0.1428571
2222,14886,0.7786697745323181,8,8,2,2,2,0.25,0.25
3934,12577,0.8060812950134277,38,29,7,7,7,0.1842105,0.2413793
5443,17636,0.819495677947998,54,247,42,42,42,0.7777778,0.1700405
6094,11446,0.884708046913147,73,74,10,10,10,0.1369863,0.1351351
807,18549,0.7462189793586731,18,52,16,16,16,0.8888889,0.3076923
6400,18957,0.8086576461791992,24,36,3,3,3,0.125,0.0833333
4309,13133,0.7980406880378723,18,6,2,2,2,0.1111111,0.3333333
4203,12706,0.7870561480522156,147,283,67,67,67,0.4557823,0.2367491
4368,15928,0.8549267053604126,14,16,4,4,4,0.2857143,0.25
1416,12399,0.7497428059577942,28,23,3,3,3,0.1071429,0.1304348
1256,11098,0.7581299543380737,41,39,8,8,8,0.195122,0.2051282
6550,12112,0.833584189414978,22,82,15,15,15,0.6818182,0.1829268
4914,10704,0.7706818580627441,109,105,16,16,16,0.146789,0.152381
4503,16237,0.8016754388809204,5,11,3,3,3,0.6,0.2727273
6830,15400,0.8458395600318909,14,34,2,2,2,0.1428571,0.0588235
5520,15245,0.7748567461967468,12,11,1,1,1,0.0833333,0.0909091
4917,19116,0.825850784778595,111,95,24,24,24,0.2162162,0.2526316
1490,11422,0.8305730819702148,7,3,1,1,1,0.1428571,0.3333333
1034,17378,0.8958682417869568,13,23,3,3,3,0.2307692,0.1304348
275,15440,0.8394531011581421,19,21,1,1,1,0.0526316,0.047619
2490,9959,0.8581146001815796,16,7,2,2,2,0.125,0.2857143
414,10351,0.8749545216560364,8,4,1,1,1,0.125,0.25
3557,17154,0.7798784375190735,30,20,6,6,6,0.2,0.3
1271,17241,0.8464351892471313,12,11,3,3,3,0.25,0.2727273
3289,12235,0.8822082281112671,22,32,2,2,2,0.0909091,0.0625
617,14651,0.814277172088623,26,17,6,6,6,0.2307692,0.3529412
4842,13874,0.7911839485168457,148,256,53,53,53,0.3581081,0.2070312
3482,15259,0.8284389972686768,4,4,1,1,1,0.25,0.25
609,19113,0.8342034816741943,13,27,6,6,6,0.4615385,0.2222222
1988,11905,0.8281667232513428,13,6,2,2,2,0.1538462,0.3333333
8143,14411,0.8833596706390381,13,13,3,3,3,0.2307692,0.2307692
2199,14303,0.8652942776679993,6,23,2,2,2,0.3333333,0.0869565
1945,15735,0.8176316022872925,23,14,6,6,6,0.2608696,0.4285714
3835,10988,0.8183972835540771,7,3,2,2,2,0.2857143,0.6666667
2178,14252,0.902648389339447,127,136,20,20,20,0.1574803,0.1470588
141,18311,0.7829618453979492,13,5,1,1,1,0.0769231,0.2
3647,18192,0.8327082395553589,26,23,7,7,7,0.2692308,0.3043478
7033,17440,0.8081549406051636,23,74,9,9,9,0.3913043,0.1216216
3540,15622,0.7605542540550232,13,16,4,4,4,0.3076923,0.25
7292,10955,0.7934386134147644,39,35,13,13,13,0.3333333,0.3714286
6868,18355,0.8354443311691284,7,4,1,1,1,0.1428571,0.25
9401,16338,0.7676498889923096,77,71,17,17,17,0.2207792,0.2394366
8383,15946,0.8539548516273499,6,4,1,1,1,0.1666667,0.25
9037,13029,0.811107337474823,2,4,2,2,2,1.0,0.5
2293,13542,0.6954724788665771,4,2,1,1,1,0.25,0.5
5397,10554,0.7828468084335327,27,37,11,11,11,0.4074074,0.2972973
6777,16143,0.8336395025253296,4,4,1,1,1,0.25,0.25
546,16567,0.7935553789138794,6,3,2,2,2,0.3333333,0.6666667
949,12979,0.737915575504303,58,60,8,8,8,0.137931,0.1333333
9172,15998,0.8841040730476379,8,22,1,1,1,0.125,0.0454545
3381,14708,0.8341615796089172,50,53,3,3,3,0.06,0.0566038
5840,19238,0.896570086479187,22,30,2,2,2,0.0909091,0.0666667
4942,16022,0.7823777198791504,10,7,3,3,3,0.3,0.4285714
4756,17589,0.8588746190071106,12,10,1,1,1,0.0833333,0.1
6330,10471,0.7529810070991516,11,11,1,1,1,0.0909091,0.0909091
1342,18953,0.7520553469657898,9,7,2,2,2,0.2222222,0.2857143
2082,10361,0.8073803186416626,16,7,2,2,2,0.125,0.2857143
9082,12025,0.7333233952522278,22,12,7,7,7,0.3181818,0.5833333
3018,16727,0.8065913915634155,8,7,3,3,3,0.375,0.4285714
3969,12599,0.7957004308700562,9,6,0,0,0,0.0,0.0
3742,16120,0.8828103542327881,263,270,51,51,51,0.1939163,0.1888889
4561,19155,0.741066575050354,9,6,4,4,4,0.4444444,0.6666667
2282,18793,0.7037874460220337,7,17,2,2,2,0.2857143,0.1176471
7646,17472,0.8389722108840942,11,61,5,5,5,0.4545455,0.0819672
9684,13378,0.5370511412620544,15,13,5,5,5,0.3333333,0.3846154
4613,14098,0.7974744439125061,3,3,1,1,1,0.3333333,0.3333333
3750,10202,0.7429744601249695,11,12,5,5,5,0.4545455,0.4166667
6127,14842,0.8716126680374146,21,18,4,4,4,0.1904762,0.2222222
5613,14478,0.8800928592681885,32,32,2,2,2,0.0625,0.0625
3542,17226,0.7778672575950623,13,14,0,0,0,0.0,0.0
9036,13836,0.7635567784309387,19,37,2,2,2,0.1052632,0.0540541
3905,18334,0.8857603073120117,80,78,14,14,14,0.175,0.1794872
3810,11006,0.8105741739273071,4,3,0,0,0,0.0,0.0
2978,14188,0.7818940877914429,7,6,0,0,0,0.0,0.0
8789,13586,0.786003589630127,3,4,1,1,1,0.3333333,0.25
154,18621,0.8440968990325928,24,21,2,2,2,0.0833333,0.0952381
6327,10070,0.8171054124832153,85,80,21,21,21,0.2470588,0.2625
7639,10414,0.7387580871582031,20,22,2,2,2,0.1,0.0909091
5865,19164,0.853996217250824,8,8,1,1,1,0.125,0.125
8213,13884,0.8388614654541016,23,20,9,9,9,0.3913043,0.45
9277,11045,0.6829926371574402,6,8,3,3,3,0.5,0.375
3594,10749,0.8269649147987366,6,5,0,0,0,0.0,0.0
8192,13043,0.8235708475112915,9,6,3,3,3,0.3333333,0.5
1381,16010,0.7729774117469788,16,17,4,4,4,0.25,0.2352941
4975,17236,0.8424137234687805,51,54,7,7,7,0.1372549,0.1296296
8489,11200,0.8378317952156067,9,9,2,2,2,0.2222222,0.2222222
3162,17098,0.7399195432662964,49,35,11,11,11,0.2244898,0.3142857
5145,15289,0.8483936786651611,10,17,1,1,1,0.1,0.0588235
2611,13697,0.768119215965271,8,5,0,0,0,0.0,0.0
2108,17543,0.7566468119621277,17,14,5,5,5,0.2941176,0.3571429
3763,13159,0.8379480838775635,7,3,1,1,1,0.1428571,0.3333333
2880,18553,0.8120251893997192,10,15,6,6,6,0.6,0.4
7218,18211,0.7925112247467041,4,3,0,0,0,0.0,0.0
4845,12223,0.7726937532424927,10,9,2,2,2,0.2,0.2222222
5007,18329,0.8174328804016113,10,8,1,1,1,0.1,0.125
4739,15625,0.7420014142990112,12,10,0,0,0,0.0,0.0
9696,17772,0.7374677658081055,10,8,3,3,3,0.3,0.375
9347,9810,0.8474007844924927,9,8,2,2,2,0.2222222,0.25
2783,17838,0.8654834628105164,9,10,5,5,5,0.5555556,0.5
9309,10952,0.8130013942718506,12,9,0,0,0,0.0,0.0
3795,11282,0.8302241563796997,45,62,14,14,14,0.3111111,0.2258065
5636,11976,0.693035364151001,29,44,5,5,5,0.1724138,0.1136364
3095,10233,0.8081238865852356,5,5,2,2,2,0.4,0.4
8244,17160,0.8359040021896362,149,134,28,28,28,0.1879195,0.2089552
8585,18356,0.7939152717590332,25,27,4,4,4,0.16,0.1481481
9041,18227,0.8780133724212646,13,13,0,0,0,0.0,0.0
6334,16335,0.7768614292144775,13,25,3,3,3,0.2307692,0.12
9627,12136,0.848131537437439,19,22,4,4,4,0.2105263,0.1818182
7363,13331,0.7889320850372314,37,63,20,20,20,0.5405405,0.3174603
4791,16322,0.7899376153945923,20,18,5,5,5,0.25,0.2777778
7568,13354,0.7317235469818115,11,13,3,3,3,0.2727273,0.2307692
8012,15582,0.7797095775604248,17,25,4,4,4,0.2352941,0.16
6414,11317,0.9321836233139038,118,145,26,26,26,0.220339,0.1793103
2817,16946,0.8032140731811523,28,26,5,5,5,0.1785714,0.1923077
6273,16976,0.7811165452003479,4,3,0,0,0,0.0,0.0
671,16519,0.790540337562561,17,95,3,3,3,0.1764706,0.0315789
9265,11532,0.8494409322738647,122,400,71,71,71,0.5819672,0.1775
3693,16845,0.758232831954956,8,4,0,0,0,0.0,0.0
7495,9964,0.8147262930870056,86,97,13,13,13,0.1511628,0.1340206
247,12930,0.760217547416687,11,13,3,3,3,0.2727273,0.2307692
8073,18980,0.7945931553840637,6,6,2,2,2,0.3333333,0.3333333
8656,11195,0.791203498840332,24,32,8,8,8,0.3333333,0.25
7612,14012,0.9247595071792604,5,3,1,1,1,0.2,0.3333333
5405,17690,0.8197453022003174,14,17,2,2,2,0.1428571,0.1176471
995,17747,0.8691490888595581,11,6,2,2,2,0.1818182,0.3333333
4372,12151,0.8282026648521423,9,7,0,0,0,0.0,0.0
2312,19146,0.8242446184158325,6,6,3,3,3,0.5,0.5
7590,17556,0.8168662786483765,82,100,23,23,23,0.2804878,0.23
9520,14917,0.7720997333526611,50,43,8,8,8,0.16,0.1860465
5384,10698,0.819535493850708,4,2,0,0,0,0.0,0.0
5399,13716,0.7097916603088379,8,6,1,1,1,0.125,0.1666667
4001,11871,0.7547710537910461,8,12,5,5,5,0.625,0.4166667
6899,18169,0.8337031602859497,22,28,7,7,7,0.3181818,0.25
3864,12274,0.8281362652778625,6,8,3,3,3,0.5,0.375
8611,17846,0.861164927482605,36,40,5,5,5,0.1388889,0.125
6685,12467,0.790908694267273,9,7,1,1,1,0.1111111,0.1428571
4129,10744,0.7953125834465027,26,36,6,6,6,0.2307692,0.1666667
7397,14509,0.7656655311584473,10,12,3,3,3,0.3,0.25
318,13232,0.7514504194259644,214,255,53,53,53,0.2476636,0.2078431
1973,19019,0.8281317949295044,8,5,1,1,1,0.125,0.2
4269,18716,0.8142439126968384,7,5,1,1,1,0.1428571,0.2
6707,17073,0.81706303358078,15,15,5,5,5,0.3333333,0.3333333
679,9912,0.7521357536315918,2,3,0,0,0,0.0,0.0
64,13809,0.872420072555542,16,12,2,2,2,0.125,0.1666667
4186,18718,0.8877672553062439,7,20,0,0,0,0.0,0.0
2033,13148,0.855720579624176,40,33,7,7,7,0.175,0.2121212
3920,15831,0.8187544345855713,12,10,4,4,4,0.3333333,0.4
9290,13421,0.7863094806671143,5,5,3,3,3,0.6,0.6
6133,11558,0.9005354046821594,17,18,5,5,5,0.2941176,0.2777778
7489,13257,0.8504838347434998,102,93,17,17,17,0.1666667,0.1827957
6862,14327,0.7799338102340698,28,140,14,14,14,0.5,0.1
3286,10711,0.7961146831512451,36,41,3,3,3,0.0833333,0.0731707
9212,18727,0.7875192165374756,54,58,13,13,13,0.2407407,0.2241379
4432,17933,0.8824740052223206,12,6,2,2,2,0.1666667,0.3333333
3804,14959,0.8051429986953735,15,17,2,2,2,0.1333333,0.1176471
628,16115,0.8765487670898438,8,7,2,2,2,0.25,0.2857143
3718,12146,0.74384605884552,7,4,0,0,0,0.0,0.0
1883,15553,0.8534603118896484,10,6,4,4,4,0.4,0.6666667
7740,11275,0.796464204788208,4,10,0,0,0,0.0,0.0
8884,14552,0.7703148126602173,13,10,4,4,4,0.3076923,0.4
4205,12535,0.8464854955673218,28,24,4,4,4,0.1428571,0.1666667
5558,17463,0.8320497274398804,10,20,2,2,2,0.2,0.1
2795,13833,0.7717080116271973,11,11,2,2,2,0.1818182,0.1818182
1940,14896,0.824595034122467,3,2,0,0,0,0.0,0.0
7595,14047,0.8198320865631104,9,10,3,3,3,0.3333333,0.3
6204,11078,0.8176537752151489,18,29,5,5,5,0.2777778,0.1724138
1796,13985,0.7219454646110535,16,13,2,2,2,0.125,0.1538462
5893,11302,0.7869414687156677,8,5,1,1,1,0.125,0.2
5226,15188,0.8537376523017883,8,3,2,2,2,0.25,0.6666667
9258,10835,0.8438020944595337,5,15,0,0,0,0.0,0.0
3667,15232,0.8171955347061157,32,32,1,1,1,0.03125,0.03125
310,14241,0.8674430847167969,28,27,3,3,3,0.1071429,0.1111111
7713,11829,0.8192330598831177,4,3,0,0,0,0.0,0.0
6780,10721,0.8344318866729736,21,26,6,6,6,0.2857143,0.2307692
2234,18353,0.8248962163925171,19,15,3,3,3,0.1578947,0.2
8919,16738,0.74394291639328,6,9,0,0,0,0.0,0.0
2415,11454,0.7740572690963745,4,2,0,0,0,0.0,0.0
6386,14882,0.7704914808273315,24,19,7,7,7,0.2916667,0.3684211
4266,13690,0.8784894943237305,20,26,4,4,4,0.2,0.1538462
3216,15417,0.8569920063018799,49,52,17,17,17,0.3469388,0.3269231
938,14834,0.8241733312606812,10,5,1,1,1,0.1,0.2
2541,18890,0.7250860929489136,10,7,2,2,2,0.2,0.2857143
1723,13339,0.8270372748374939,68,74,13,13,13,0.1911765,0.1756757
5444,15918,0.8012449741363525,7,6,1,1,1,0.1428571,0.1666667
1653,14672,0.8568075299263,8,8,0,0,0,0.0,0.0
5263,11376,0.8126636147499084,3,3,0,0,0,0.0,0.0
7824,18583,0.8585531115531921,8,5,0,0,0,0.0,0.0
1987,15865,0.842255711555481,14,25,5,5,5,0.3571429,0.2
5790,11688,0.857006847858429,14,11,6,6,6,0.4285714,0.5454545
3375,10462,0.8142615556716919,6,7,2,2,2,0.3333333,0.2857143
8961,9928,0.7413455843925476,3,2,1,1,1,0.3333333,0.5
5304,16001,0.8421950340270996,50,59,10,10,10,0.2,0.1694915
44,16556,0.8594961166381836,7,6,2,2,2,0.2857143,0.3333333
8209,13298,0.8511899709701538,10,4,1,1,1,0.1,0.25
4338,14981,0.9102704524993896,36,257,22,22,22,0.6111111,0.0856031
9481,18301,0.910961091518402,18,39,5,5,5,0.2777778,0.1282051
4328,18085,0.8732331991195679,36,43,5,5,5,0.1388889,0.1162791
234,17067,0.790864109992981,3,2,1,1,1,0.3333333,0.5
5787,16499,0.8472105860710144,8,3,0,0,0,0.0,0.0
9542,13558,0.8374447822570801,4,2,1,1,1,0.25,0.5
3589,12498,0.8115947842597961,18,33,6,6,6,0.3333333,0.1818182
2441,16457,0.8514951467514038,29,27,5,5,5,0.1724138,0.1851852
1283,13919,0.8784664869308472,29,27,7,7,7,0.2413793,0.2592593
7833,10953,0.8760188817977905,5,2,0,0,0,0.0,0.0
1806,10847,0.7184145450592041,22,88,6,6,6,0.2727273,0.0681818
6146,10811,0.8276636600494385,3,2,0,0,0,0.0,0.0
8339,10761,0.7974293828010559,10,7,4,4,4,0.4,0.5714286
8271,16139,0.8580836653709412,4,5,2,2,2,0.5,0.4
5201,12209,0.7433328628540039,18,31,3,3,3,0.1666667,0.0967742
3511,10341,0.8675556182861328,10,10,4,4,4,0.4,0.4
4416,14239,0.7438178658485413,86,101,23,23,23,0.2674419,0.2277228
6717,15214,0.809268057346344,6,4,1,1,1,0.1666667,0.25
8050,10105,0.8307268023490906,9,25,3,3,3,0.3333333,0.12
6920,10326,0.7945448160171509,60,259,29,29,29,0.4833333,0.1119691
5982,17325,0.8220059871673584,12,13,2,2,2,0.1666667,0.1538462
2805,11612,0.860884428024292,11,5,1,1,1,0.0909091,0.2
4170,16923,0.8357517123222351,79,85,26,26,26,0.3291139,0.3058824
7237,12891,0.8319671154022217,3,4,1,1,1,0.3333333,0.25
2279,14571,0.8029589653015137,9,8,1,1,1,0.1111111,0.125
4262,19141,0.7638609409332275,4,3,1,1,1,0.25,0.3333333
4241,17886,0.8843547105789185,316,242,82,82,82,0.2594937,0.338843
9281,17965,0.7280276417732239,11,18,2,2,2,0.1818182,0.1111111
2369,11346,0.7626475095748901,7,4,1,1,1,0.1428571,0.25
4356,16561,0.8500949144363403,3,4,2,2,2,0.6666667,0.5
79,13764,0.7364139556884766,10,7,3,3,3,0.3,0.4285714
3257,12797,0.8428938388824463,7,5,1,1,1,0.1428571,0.2
9012,9820,0.800595223903656,70,73,10,10,10,0.1428571,0.1369863
7772,12533,0.8860279321670532,13,12,3,3,3,0.2307692,0.25
5565,13896,0.8915061950683594,4,21,2,2,2,0.5,0.0952381
4353,13373,0.8502311706542969,5,5,1,1,1,0.2,0.2
5909,17498,0.7622666954994202,6,10,1,1,1,0.1666667,0.1
8452,14592,0.7491320967674255,9,3,1,1,1,0.1111111,0.3333333
5932,15824,0.7816066145896912,8,3,1,1,1,0.125,0.3333333
5479,13075,0.7456372976303101,21,32,5,5,5,0.2380952,0.15625
8977,13281,0.8323022723197937,5,5,1,1,1,0.2,0.2
7173,11800,0.8829832077026367,111,283,46,46,46,0.4144144,0.1625442
510,9943,0.7262891530990601,6,4,0,0,0,0.0,0.0
6411,10281,0.7576321363449097,4,4,1,1,1,0.25,0.25
4021,10168,0.8312007188796997,12,10,1,1,1,0.0833333,0.1
5775,10485,0.8873924016952515,6,6,2,2,2,0.3333333,0.3333333
1408,16016,0.8228524923324585,36,30,9,9,9,0.25,0.3
9257,11061,0.8396708965301514,5,2,1,1,1,0.2,0.5
9388,15718,0.8061924576759338,4,4,0,0,0,0.0,0.0
8038,12601,0.7736048698425293,22,11,5,5,5,0.2272727,0.4545455
3277,9871,0.8538932800292969,68,73,17,17,17,0.25,0.2328767
1614,12859,0.7798241972923279,12,23,2,2,2,0.1666667,0.0869565
4511,17880,0.8447842001914978,42,47,8,8,8,0.1904762,0.1702128
6529,17075,0.8717008233070374,8,24,5,5,5,0.625,0.2083333
6281,11497,0.8740581274032593,80,88,17,17,17,0.2125,0.1931818
5325,17316,0.8561527132987976,17,9,5,5,5,0.2941176,0.5555556
1914,15042,0.7442225813865662,10,7,2,2,2,0.2,0.2857143
6393,17336,0.820944607257843,6,5,0,0,0,0.0,0.0
221,16992,0.8260898590087891,11,10,2,2,2,0.1818182,0.2
4788,13849,0.7862116098403931,35,39,15,15,15,0.4285714,0.3846154
5990,18379,0.7144842147827148,115,138,26,26,26,0.226087,0.1884058
8182,14721,0.764229953289032,13,13,7,7,7,0.5384615,0.5384615
3184,14379,0.8369096517562866,16,22,3,3,3,0.1875,0.1363636
9110,9972,0.8256537318229675,50,65,10,10,10,0.2,0.1538462
352,11898,0.8165688514709473,7,4,0,0,0,0.0,0.0
3190,17019,0.7770184874534607,127,91,20,20,20,0.1574803,0.2197802
2551,17212,0.7586842775344849,6,4,0,0,0,0.0,0.0
3652,10548,0.8780630826950073,17,16,3,3,3,0.1764706,0.1875
9337,10136,0.8694558143615723,4,4,1,1,1,0.25,0.25
5213,13439,0.7369791865348816,58,68,7,7,7,0.1206897,0.1029412
1786,18168,0.742156982421875,8,6,3,3,3,0.375,0.5
6201,10956,0.7822002172470093,12,10,2,2,2,0.1666667,0.2
9501,15348,0.878558337688446,16,17,6,6,6,0.375,0.3529412
9511,12094,0.8180047273635864,16,23,3,3,3,0.1875,0.1304348
7359,17923,0.8335006237030029,71,417,57,57,57,0.8028169,0.1366906
7281,11179,0.738145112991333,141,160,46,46,46,0.3262411,0.2875
2581,14323,0.8028495907783508,9,10,4,4,4,0.4444444,0.4
8409,17895,0.807706356048584,44,36,14,14,14,0.3181818,0.3888889
3730,11671,0.8638097643852234,12,8,3,3,3,0.25,0.375
8636,17794,0.7910276651382446,29,30,7,7,7,0.2413793,0.2333333
2715,13276,0.8735712766647339,6,4,1,1,1,0.1666667,0.25
1594,13100,0.8356138467788696,21,16,5,5,5,0.2380952,0.3125
4687,18325,0.7926291227340698,9,7,0,0,0,0.0,0.0
7248,12435,0.8018918633460999,3,4,1,1,1,0.3333333,0.25
516,10442,0.830713152885437,9,8,0,0,0,0.0,0.0
9192,13667,0.7467406988143921,31,24,7,7,7,0.2258065,0.2916667
7494,11444,0.8155571222305298,14,8,2,2,2,0.1428571,0.25
7711,13099,0.7942086458206177,16,11,5,5,5,0.3125,0.4545455
526,11804,0.8625750541687012,9,9,5,5,5,0.5555556,0.5555556
1183,16683,0.8833061456680298,80,84,18,18,18,0.225,0.2142857
9354,17112,0.8517600893974304,11,4,0,0,0,0.0,0.0
8454,14869,0.8067712187767029,7,5,1,1,1,0.1428571,0.2
3072,18473,0.722388505935669,5,6,2,2,2,0.4,0.3333333
7919,15793,0.8174175024032593,66,92,15,15,15,0.2272727,0.1630435
2138,17028,0.7315207719802856,3,3,0,0,0,0.0,0.0
7394,14367,0.7944645881652832,17,11,3,3,3,0.1764706,0.2727273
4378,14987,0.8769494295120239,93,346,42,42,42,0.4516129,0.1213873
6742,10654,0.7239899635314941,7,14,1,1,1,0.1428571,0.0714286
6824,17634,0.8627903461456299,59,355,40,40,40,0.6779661,0.1126761
6008,15879,0.8464369773864746,14,11,4,4,4,0.2857143,0.3636364
3078,16459,0.8137357831001282,5,4,2,2,2,0.4,0.5
5260,12867,0.7975535988807678,8,6,2,2,2,0.25,0.3333333
291,19233,0.7956408858299255,6,8,2,2,2,0.3333333,0.25
6243,16047,0.8075793981552124,8,4,1,1,1,0.125,0.25
2653,17563,0.9495418071746826,86,84,21,21,21,0.244186,0.25
9133,15436,0.69278484582901,3,2,0,0,0,0.0,0.0
5516,11108,0.8971238136291504,10,6,1,1,1,0.1,0.1666667
8442,13187,0.6811866164207458,3,4,1,1,1,0.3333333,0.25
5312,10820,0.7819854021072388,22,10,5,5,5,0.2272727,0.5
1095,18654,0.7443237900733948,10,9,1,1,1,0.1,0.1111111
9218,14985,0.8123563528060913,14,18,4,4,4,0.2857143,0.2222222
5911,15429,0.7901885509490967,27,25,8,8,8,0.2962963,0.32
1075,12525,0.8570902943611145,31,29,5,5,5,0.1612903,0.1724138
919,19188,0.7041139602661133,6,4,0,0,0,0.0,0.0
3353,18706,0.784201979637146,6,4,0,0,0,0.0,0.0
8731,17877,0.8084880709648132,6,7,2,2,2,0.3333333,0.2857143
3558,10629,0.7793872356414795,4,3,0,0,0,0.0,0.0
9100,13695,0.766839861869812,39,46,11,11,11,0.2820513,0.2391304
8609,10159,0.8380212783813477,15,32,4,4,4,0.2666667,0.125
207,18614,0.8630138635635376,2,5,2,2,2,1.0,0.4
8879,15761,0.8330886363983154,2,3,0,0,0,0.0,0.0
3362,13728,0.7844346165657043,30,53,14,14,14,0.4666667,0.2641509
2702,13389,0.7737504243850708,12,6,3,3,3,0.25,0.5
713,17784,0.7833421230316162,5,7,3,3,3,0.6,0.4285714
6208,14731,0.858817458152771,62,52,11,11,11,0.1774194,0.2115385
4124,9849,0.8243554830551147,53,73,11,11,11,0.2075472,0.1506849
3481,15750,0.7788553237915039,13,11,2,2,2,0.1538462,0.1818182
4700,14066,0.6134693026542664,44,50,18,18,18,0.4090909,0.36
8190,10476,0.7924284338951111,9,7,1,1,1,0.1111111,0.1428571
8654,14223,0.8221647143363953,28,30,4,4,4,0.1428571,0.1333333
5031,11578,0.851134181022644,134,129,26,26,26,0.1940299,0.2015504
9341,11254,0.8397656679153442,66,74,18,18,18,0.2727273,0.2432432
7130,17900,0.8306255340576172,5,9,1,1,1,0.2,0.1111111
5962,11449,0.8707975149154663,26,41,6,6,6,0.2307692,0.1463415
8294,12906,0.7919461131095886,10,9,3,3,3,0.3,0.3333333
7326,11431,0.6975284218788147,6,4,1,1,1,0.1666667,0.25
7415,17367,0.8036582469940186,19,7,3,3,3,0.1578947,0.4285714
8324,15786,0.8661828637123108,27,30,8,8,8,0.2962963,0.2666667
7926,12106,0.8240500688552856,220,197,44,44,44,0.2,0.2233503
208,11968,0.8542682528495789,61,58,12,12,12,0.1967213,0.2068966
6202,16921,0.870668351650238,74,79,17,17,17,0.2297297,0.2151899
8862,18588,0.7559665441513062,20,33,5,5,5,0.25,0.1515152
3952,16107,0.7312983274459839,67,58,18,18,18,0.2686567,0.3103448
4396,18219,0.8071175813674927,9,3,0,0,0,0.0,0.0
5258,14199,0.817471444606781,36,34,13,13,13,0.3611111,0.3823529
1065,11890,0.7828976511955261,13,30,5,5,5,0.3846154,0.1666667
5063,13465,0.8565688133239746,3,3,1,1,1,0.3333333,0.3333333
656,18552,0.8628033399581909,4,21,1,1,1,0.25,0.047619
3210,15655,0.7118731737136841,108,94,24,24,24,0.2222222,0.2553191
6173,19193,0.8516680598258972,98,123,16,16,16,0.1632653,0.1300813
7853,16523,0.7633702754974365,13,13,0,0,0,0.0,0.0
4392,13037,0.8070583939552307,211,197,53,53,53,0.2511848,0.2690355
2829,18178,0.8398785591125488,3,4,2,2,2,0.6666667,0.5
8579,9753,0.7814840078353882,4,5,2,2,2,0.5,0.4
210,14938,0.8418067693710327,12,7,1,1,1,0.0833333,0.1428571
7384,15815,0.7485816478729248,10,9,3,3,3,0.3,0.3333333
3464,16330,0.8568160533905029,46,59,7,7,7,0.1521739,0.1186441
4877,13316,0.8936095237731934,14,28,1,1,1,0.0714286,0.0357143
223,19163,0.7852978706359863,3,4,1,1,1,0.3333333,0.25
2382,12735,0.7672592401504517,13,10,3,3,3,0.2307692,0.3
2267,16052,0.7989636063575745,7,4,1,1,1,0.1428571,0.25
531,18907,0.7598577737808228,20,32,3,3,3,0.15,0.09375
2779,13194,0.7357060313224792,14,16,2,2,2,0.1428571,0.125
3050,11967,0.8782644271850586,8,23,2,2,2,0.25,0.0869565
3143,14904,0.812512993812561,38,52,11,11,11,0.2894737,0.2115385
4529,17449,0.7687563300132751,20,25,3,3,3,0.15,0.12
8542,16493,0.8334433436393738,22,24,8,8,8,0.3636364,0.3333333
8495,10899,0.8328571319580078,4,3,0,0,0,0.0,0.0
9598,13879,0.7752370834350586,22,21,8,8,8,0.3636364,0.3809524
9328,19159,0.7912338972091675,36,53,4,4,4,0.1111111,0.0754717
9077,16279,0.7508193254470825,19,20,4,4,4,0.2105263,0.2
702,9870,0.7401474714279175,20,18,2,2,2,0.1,0.1111111
2325,19003,0.8711599707603455,22,41,7,7,7,0.3181818,0.1707317
6193,16268,0.7497332096099854,3,4,0,0,0,0.0,0.0
2521,18569,0.8404514193534851,20,22,5,5,5,0.25,0.2272727
9152,11699,0.7783057689666748,5,3,0,0,0,0.0,0.0
464,11017,0.8176902532577515,15,24,4,4,4,0.2666667,0.1666667
7027,10199,0.7985260486602783,4,3,1,1,1,0.25,0.3333333
7434,13183,0.8638176918029785,11,13,2,2,2,0.1818182,0.1538462
2449,11840,0.8107249140739441,10,8,0,0,0,0.0,0.0
7766,12344,0.8464398980140686,8,7,2,2,2,0.25,0.2857143
7039,16939,0.8197339773178101,16,100,7,7,7,0.4375,0.07
4688,18129,0.8264563679695129,14,17,2,2,2,0.1428571,0.1176471
6854,10886,0.81932532787323,15,9,2,2,2,0.1333333,0.2222222
2527,11652,0.778356671333313,12,9,1,1,1,0.0833333,0.1111111
7376,12544,0.7283065319061279,10,11,1,1,1,0.1,0.0909091
1060,17934,0.7866456508636475,4,3,1,1,1,0.25,0.3333333
9078,17626,0.7955603003501892,11,8,2,2,2,0.1818182,0.25
9466,11206,0.7916803956031799,9,10,0,0,0,0.0,0.0
2168,12514,0.8398237228393555,5,7,1,1,1,0.2,0.1428571
5878,13357,0.7825656533241272,5,4,0,0,0,0.0,0.0
5626,12876,0.8389479517936707,20,20,6,6,6,0.3,0.3
1494,13323,0.8667587041854858,35,37,10,10,10,0.2857143,0.2702703
7689,14208,0.7185893058776855,26,43,11,11,11,0.4230769,0.255814
3032,19120,0.8561701774597168,25,9,3,3,3,0.12,0.3333333
2044,12972,0.7455487251281738,29,26,2,2,2,0.0689655,0.0769231
6916,15835,0.7687515020370483,9,7,2,2,2,0.2222222,0.2857143
6947,14739,0.8826851844787598,16,14,2,2,2,0.125,0.1428571
9259,9865,0.7998576164245605,57,102,20,20,20,0.3508772,0.1960784
3470,15675,0.761233925819397,6,25,3,3,3,0.5,0.12
5513,12828,0.8029568195343018,7,9,3,3,3,0.4285714,0.3333333
4130,17033,0.7838125228881836,3,4,1,1,1,0.3333333,0.25
3106,16710,0.6602421998977661,13,22,1,1,1,0.0769231,0.0454545
1631,16302,0.8712565898895264,11,10,5,5,5,0.4545455,0.5
4779,16130,0.7687817811965942,5,2,1,1,1,0.2,0.5
7801,10077,0.8737661242485046,11,10,3,3,3,0.2727273,0.3
257,13651,0.8010545372962952,5,5,1,1,1,0.2,0.2
9677,18456,0.8316650390625,4,4,1,1,1,0.25,0.25
3258,17072,0.7104499340057373,44,74,12,12,12,0.2727273,0.1621622
791,14375,0.789279580116272,6,21,1,1,1,0.1666667,0.047619
8066,18602,0.8329914212226868,13,11,1,1,1,0.0769231,0.0909091
5983,18640,0.7755763530731201,31,38,2,2,2,0.0645161,0.0526316
5831,19000,0.8310555219650269,14,28,7,7,7,0.5,0.25
7350,9917,0.8189504146575928,15,5,0,0,0,0.0,0.0
9700,14918,0.7880722284317017,3,2,0,0,0,0.0,0.0
7211,15729,0.7409987449645996,14,11,3,3,3,0.2142857,0.2727273
5442,18258,0.766613781452179,8,7,1,1,1,0.125,0.1428571
8023,18267,0.8642473220825195,48,43,13,13,13,0.2708333,0.3023256
2336,15228,0.8334716558456421,135,131,36,36,36,0.2666667,0.2748092
2785,14008,0.717025637626648,12,8,2,2,2,0.1666667,0.25
1734,14714,0.7485146522521973,19,11,5,5,5,0.2631579,0.4545455
1008,10409,0.7025460004806519,34,80,10,10,10,0.2941176,0.125
4113,17106,0.7589097023010254,207,204,60,60,60,0.2898551,0.2941176
9645,16415,0.7825251221656799,4,3,1,1,1,0.25,0.3333333
3715,16013,0.838947594165802,4,6,1,1,1,0.25,0.1666667
5598,16066,0.8375974297523499,16,14,4,4,4,0.25,0.2857143
9554,10671,0.8242967128753662,6,6,1,1,1,0.1666667,0.1666667
189,11165,0.8071610927581787,7,9,2,2,2,0.2857143,0.2222222
2339,13783,0.7262344360351562,21,9,2,2,2,0.0952381,0.2222222
5730,12286,0.8340063095092773,33,30,7,7,7,0.2121212,0.2333333
4748,11173,0.8576706647872925,81,341,46,46,46,0.5679012,0.1348974
2524,15665,0.8022782802581787,48,43,8,8,8,0.1666667,0.1860465
3836,11436,0.7903741002082825,7,5,2,2,2,0.2857143,0.4
4818,11237,0.8279318809509277,12,6,3,3,3,0.25,0.5
3232,10998,0.8600206971168518,98,404,52,52,52,0.5306122,0.1287129
3829,18307,0.7418969869613647,5,5,1,1,1,0.2,0.2
3732,11055,0.806311845779419,12,25,1,1,1,0.0833333,0.04
6925,16367,0.7250875234603882,12,11,4,4,4,0.3333333,0.3636364
1495,17600,0.6801936626434326,19,19,4,4,4,0.2105263,0.2105263
3615,10161,0.858769953250885,13,10,4,4,4,0.3076923,0.4
7721,18180,0.7582420110702515,12,12,4,4,4,0.3333333,0.3333333
162,14572,0.8816872835159302,170,262,58,58,58,0.3411765,0.221374
8135,15919,0.8115784525871277,10,54,6,6,6,0.6,0.1111111
4854,15890,0.7386532425880432,11,8,0,0,0,0.0,0.0
7656,12012,0.7509808540344238,15,13,5,5,5,0.3333333,0.3846154
5057,14794,0.8593837022781372,6,4,1,1,1,0.1666667,0.25
2435,18688,0.771956741809845,12,9,1,1,1,0.0833333,0.1111111
4302,9900,0.7964917421340942,8,12,3,3,3,0.375,0.25
1911,15829,0.7862652540206909,6,7,2,2,2,0.3333333,0.2857143
1162,19088,0.7477272152900696,11,12,3,3,3,0.2727273,0.25
7303,11637,0.7888639569282532,18,24,2,2,2,0.1111111,0.0833333
3504,11848,0.7885997891426086,18,15,6,6,6,0.3333333,0.4
9255,15954,0.8763015866279602,18,18,6,6,6,0.3333333,0.3333333
9261,12767,0.7379201054573059,4,3,1,1,1,0.25,0.3333333
1545,14316,0.8055875301361084,18,29,4,4,4,0.2222222,0.137931
6956,14647,0.8372200727462769,9,4,0,0,0,0.0,0.0
8711,13877,0.8511868715286255,18,18,3,3,3,0.1666667,0.1666667
8666,18564,0.8147162199020386,3,2,0,0,0,0.0,0.0
3701,19073,0.8166519403457642,6,4,1,1,1,0.1666667,0.25
6619,11880,0.778157114982605,47,67,17,17,17,0.3617021,0.2537313
2129,14043,0.8082743287086487,36,27,12,12,12,0.3333333,0.4444444
5616,12254,0.7575390934944153,10,10,4,4,4,0.4,0.4
3818,13736,0.7956383228302002,5,4,2,2,2,0.4,0.5
299,15313,0.8152850270271301,29,53,9,9,9,0.3103448,0.1698113
7302,11878,0.7318427562713623,5,3,1,1,1,0.2,0.3333333
8358,18160,0.8141719102859497,11,11,0,0,0,0.0,0.0
574,13976,0.7724474668502808,7,6,2,2,2,0.2857143,0.3333333
2518,15702,0.844473659992218,8,22,3,3,3,0.375,0.1363636
4654,15526,0.7941873073577881,15,38,5,5,5,0.3333333,0.1315789
6940,14801,0.900759220123291,91,95,12,12,12,0.1318681,0.1263158
3833,15828,0.8827915191650391,10,52,3,3,3,0.3,0.0576923
2305,10081,0.708172082901001,16,9,2,2,2,0.125,0.2222222
9707,9833,0.707695484161377,22,39,3,3,3,0.1363636,0.0769231
4607,14956,0.7621221542358398,5,3,2,2,2,0.4,0.6666667
3843,11820,0.748798668384552,10,10,2,2,2,0.2,0.2
265,13607,0.7978078126907349,14,13,2,2,2,0.1428571,0.1538462
5051,13886,0.8578073978424072,19,16,4,4,4,0.2105263,0.25
7587,18031,0.749919056892395,5,2,0,0,0,0.0,0.0
3268,16400,0.860630989074707,14,15,2,2,2,0.1428571,0.1333333
2683,14434,0.8193718791007996,14,18,1,1,1,0.0714286,0.0555556
3455,10520,0.7704185247421265,6,2,1,1,1,0.1666667,0.5
3759,11426,0.7739776372909546,49,63,13,13,13,0.2653061,0.2063492
8386,12615,0.739492654800415,8,8,4,4,4,0.5,0.5
1645,14249,0.8420108556747437,8,4,2,2,2,0.25,0.5
6894,18081,0.8825151920318604,57,68,6,6,6,0.1052632,0.0882353
3924,16453,0.7346442937850952,8,6,0,0,0,0.0,0.0
3877,13223,0.8750343322753906,11,7,2,2,2,0.1818182,0.2857143
1706,17727,0.7933217287063599,50,59,9,9,9,0.18,0.1525424
5615,13712,0.8621441125869751,140,366,57,57,57,0.4071429,0.1557377
5277,16197,0.8164882659912109,6,4,1,1,1,0.1666667,0.25
1584,15257,0.8067559003829956,2,15,0,0,0,0.0,0.0
7794,16796,0.8732303977012634,140,110,38,38,38,0.2714286,0.3454545
737,13026,0.941411018371582,53,64,7,7,7,0.1320755,0.109375
1625,17366,0.7635921835899353,7,5,0,0,0,0.0,0.0
8507,16445,0.7927864789962769,19,12,2,2,2,0.1052632,0.1666667
1179,17279,0.802513837814331,9,15,2,2,2,0.2222222,0.1333333
3177,17319,0.7787003517150879,11,11,4,4,4,0.3636364,0.3636364
5216,10975,0.8211435079574585,4,7,1,1,1,0.25,0.1428571
4375,18352,0.793612539768219,24,18,6,6,6,0.25,0.3333333
4370,19140,0.8399765491485596,75,77,14,14,14,0.1866667,0.1818182
6821,15593,0.8211009502410889,93,91,22,22,22,0.2365591,0.2417582
7647,10976,0.8370717763900757,11,14,0,0,0,0.0,0.0
7371,10175,0.7607631683349609,16,28,5,5,5,0.3125,0.1785714
8287,10519,0.8428463935852051,12,28,5,5,5,0.4166667,0.1785714
7895,10818,0.8302468657493591,9,9,3,3,3,0.3333333,0.3333333
7502,16485,0.8220279216766357,24,36,5,5,5,0.2083333,0.1388889
5673,11564,0.8743408918380737,10,5,1,1,1,0.1,0.2
4502,18020,0.8230036497116089,67,70,20,20,20,0.2985075,0.2857143
6254,18111,0.8936514854431152,22,30,10,10,10,0.4545455,0.3333333
4968,12306,0.8394159078598022,3,4,0,0,0,0.0,0.0
2842,15909,0.8470647931098938,13,9,4,4,4,0.3076923,0.4444444
9490,13064,0.8541518449783325,25,32,5,5,5,0.2,0.15625
4043,11584,0.7396352887153625,2,5,2,2,2,1.0,0.4
8216,16996,0.7293626070022583,70,70,13,13,13,0.1857143,0.1857143
8375,14954,0.8016195297241211,58,56,7,7,7,0.1206897,0.125
5094,16848,0.8051143288612366,107,98,30,30,30,0.2803738,0.3061224
3935,10064,0.820510983467102,20,15,4,4,4,0.2,0.2666667
2685,10040,0.8534543514251709,180,175,35,35,35,0.1944444,0.2
8953,10092,0.8412504196166992,31,45,11,11,11,0.3548387,0.2444444
2660,14971,0.7859134674072266,4,2,1,1,1,0.25,0.5
2784,18304,0.88692706823349,12,6,1,1,1,0.0833333,0.1666667
1558,17734,0.8329822421073914,37,37,8,8,8,0.2162162,0.2162162
3112,18514,0.7477611899375916,13,7,2,2,2,0.1538462,0.2857143
3384,9933,0.7924050092697144,3,2,0,0,0,0.0,0.0
457,13371,0.8833339810371399,11,10,1,1,1,0.0909091,0.1
6637,10012,0.8680294752120972,9,27,1,1,1,0.1111111,0.037037
7864,11109,0.8425836563110352,8,8,0,0,0,0.0,0.0
8429,14902,0.839194655418396,15,3,1,1,1,0.0666667,0.3333333
7273,10604,0.8148946166038513,31,32,9,9,9,0.2903226,0.28125
5690,11486,0.905847668647766,23,33,1,1,1,0.0434783,0.030303
6669,10346,0.8349003791809082,4,5,0,0,0,0.0,0.0
6073,16471,0.7830227613449097,5,3,1,1,1,0.2,0.3333333
3114,9785,0.8274660706520081,36,48,6,6,6,0.1666667,0.125
7953,14420,0.843771755695343,3,4,0,0,0,0.0,0.0
7752,17548,0.918634295463562,45,38,11,11,11,0.2444444,0.2894737
8299,17946,0.7347383499145508,17,25,6,6,6,0.3529412,0.24
8228,16610,0.7996693849563599,21,23,7,7,7,0.3333333,0.3043478
1383,16546,0.729150652885437,2,2,0,0,0,0.0,0.0
6756,14965,0.8189862370491028,5,2,0,0,0,0.0,0.0
378,10431,0.7637912034988403,13,13,3,3,3,0.2307692,0.2307692
6746,12821,0.8495596051216125,6,8,1,1,1,0.1666667,0.125
4228,16049,0.8008551597595215,6,4,1,1,1,0.1666667,0.25
4018,12304,0.7966087460517883,4,3,0,0,0,0.0,0.0
3168,10556,0.786402702331543,23,32,4,4,4,0.173913,0.125
6648,16981,0.8243230581283569,41,51,7,7,7,0.1707317,0.1372549
3252,9732,0.7900453805923462,6,19,2,2,2,0.3333333,0.1052632
9156,12476,0.849853515625,10,6,2,2,2,0.2,0.3333333
9592,16570,0.734037458896637,29,49,12,12,12,0.4137931,0.244898
160,18057,0.7501097917556763,5,2,1,1,1,0.2,0.5
8648,11023,0.7395978569984436,5,6,2,2,2,0.4,0.3333333
1510,16893,0.6451721787452698,4,17,3,3,3,0.75,0.1764706
4174,19052,0.9380983114242554,22,29,2,2,2,0.0909091,0.0689655
4918,11513,0.8156895637512207,21,88,3,3,3,0.1428571,0.0340909
1160,17534,0.7935618162155151,21,24,3,3,3,0.1428571,0.125
8076,13686,0.8030143976211548,7,6,2,2,2,0.2857143,0.3333333
9575,18323,0.7994077801704407,6,18,1,1,1,0.1666667,0.0555556
6990,17360,0.7977191805839539,3,2,0,0,0,0.0,0.0
9378,18223,0.8979086875915527,22,20,6,6,6,0.2727273,0.3
4122,13156,0.7138110399246216,10,10,2,2,2,0.2,0.2
5942,11054,0.8171664476394653,7,6,3,3,3,0.4285714,0.5
6253,17969,0.8447595834732056,47,46,9,9,9,0.1914894,0.1956522
4329,10187,0.8253681063652039,20,20,2,2,2,0.1,0.1
4549,10864,0.8148729801177979,66,75,9,9,9,0.1363636,0.12
3723,9968,0.8161305785179138,7,5,1,1,1,0.1428571,0.2
5251,14403,0.7426411509513855,6,4,1,1,1,0.1666667,0.25
2911,10764,0.8613731861114502,11,14,0,0,0,0.0,0.0
2561,16127,0.7830550670623779,97,128,25,25,25,0.257732,0.1953125
5386,14484,0.8378522396087646,10,8,1,1,1,0.1,0.125
4349,18243,0.889629065990448,12,11,0,0,0,0.0,0.0
2726,15822,0.7886455059051514,9,15,3,3,3,0.3333333,0.2
8539,9817,0.783825159072876,7,11,1,1,1,0.1428571,0.0909091
3584,18296,0.7440158724784851,8,6,2,2,2,0.25,0.3333333
660,13554,0.7706685066223145,24,40,5,5,5,0.2083333,0.125
9319,10157,0.9048993587493896,172,508,57,57,57,0.3313953,0.1122047
6786,18855,0.8429625034332275,48,51,8,8,8,0.1666667,0.1568627
6612,11908,0.8788188695907593,19,36,4,4,4,0.2105263,0.1111111
1326,13234,0.8865747451782227,35,37,6,6,6,0.1714286,0.1621622
3494,16309,0.7080045342445374,7,5,3,3,3,0.4285714,0.6
9059,16878,0.8528347015380859,9,30,3,3,3,0.3333333,0.1
5340,14983,0.7567243576049805,33,50,14,14,14,0.4242424,0.28
4535,16312,0.8142101764678955,52,45,17,17,17,0.3269231,0.3777778
6458,10394,0.8268535137176514,20,26,5,5,5,0.25,0.1923077
8728,14011,0.8050497174263,12,73,7,7,7,0.5833333,0.0958904
5789,17474,0.8331701755523682,11,7,3,3,3,0.2727273,0.4285714
5079,18775,0.7879185080528259,38,33,10,10,10,0.2631579,0.3030303
2165,12469,0.9076406955718994,85,90,20,20,20,0.2352941,0.2222222
7236,16853,0.8184534311294556,24,19,2,2,2,0.0833333,0.1052632
9639,13229,0.8741920590400696,22,34,2,2,2,0.0909091,0.0588235
2638,12509,0.8046217560768127,148,119,38,38,38,0.2567568,0.3193277
9045,12756,0.743725061416626,5,3,0,0,0,0.0,0.0
7838,14828,0.737383246421814,6,6,0,0,0,0.0,0.0
168,17619,0.7868062853813171,7,2,0,0,0,0.0,0.0
7954,11067,0.8489019870758057,23,31,4,4,4,0.173913,0.1290323
9577,17231,0.7958088517189026,52,46,10,10,10,0.1923077,0.2173913
1154,9842,0.7445937395095825,5,4,0,0,0,0.0,0.0
5087,15575,0.8524385690689087,31,109,8,8,8,0.2580645,0.0733945
8864,16886,0.7710910439491272,17,28,3,3,3,0.1764706,0.1071429
5427,11622,0.8295297622680664,61,71,10,10,10,0.1639344,0.1408451
6225,14491,0.7562106847763062,6,4,0,0,0,0.0,0.0
5582,15962,0.8208306431770325,8,5,1,1,1,0.125,0.2
7948,9976,0.8106898069381714,19,18,9,9,9,0.4736842,0.5
7832,16446,0.7980548739433289,33,32,10,10,10,0.3030303,0.3125
9221,10106,0.845267117023468,20,54,9,9,9,0.45,0.1666667
7181,17159,0.7251275777816772,32,95,18,18,18,0.5625,0.1894737
4393,15544,0.7555380463600159,10,8,2,2,2,0.2,0.25
1276,13897,0.6859686374664307,8,6,3,3,3,0.375,0.5
6172,16443,0.8761382699012756,5,3,2,2,2,0.4,0.6666667
8004,12213,0.7703277468681335,31,34,8,8,8,0.2580645,0.2352941
