First Index,Second Index,Similarity
6281,11497,0.8740581274032593
4378,14987,0.8769494295120239
2381,18701,0.9011425971984863
2245,16801,0.8213958740234375
2685,10040,0.8534543514251709
7622,13676,0.9067445993423462
6088,10004,0.8383070230484009
9577,17231,0.7958088517189026
1584,15257,0.8067559003829956
4502,18020,0.8230036497116089
6013,16836,0.8565280437469482
5711,11590,0.8113064765930176
8573,13547,0.8610743284225464
291,19233,0.7956408858299255
9172,15998,0.8841040730476379
6128,16070,0.8575353026390076
2973,18017,0.7511592507362366
7204,10071,0.9075068235397339
2521,18569,0.8404514193534851
1545,14316,0.8055875301361084
4596,15741,0.8120553493499756
656,18552,0.8628033399581909
2160,16436,0.8468420505523682
5455,17163,0.8256325721740723
9423,12149,0.8771607279777527
2336,15228,0.8334716558456421
1614,12859,0.7798241972923279
4190,12447,0.7774484157562256
807,18549,0.7462189793586731
9510,18677,0.8042759299278259
3698,10661,0.7567181587219238
8116,11636,0.8875316381454468
8224,16861,0.8923887014389038
5097,13623,0.8845551013946533
3694,16863,0.7563396692276001
7502,16485,0.8220279216766357
5475,9854,0.6732313632965088
8802,13477,0.850965678691864
1671,18827,0.8358662128448486
6257,18451,0.8329866528511047
4750,17061,0.737568736076355
3305,16879,0.893905520439148
3216,15417,0.8569920063018799
5580,17321,0.961463451385498
4934,18774,0.8846195340156555
9538,13604,0.8832107782363892
664,10832,0.8126075267791748
9077,16279,0.7508193254470825
2325,19003,0.8711599707603455
4392,13037,0.8070583939552307
5615,13712,0.8621441125869751
6894,18081,0.8825151920318604
2184,13734,0.8704129457473755
318,13232,0.7514504194259644
8362,12753,0.6979685425758362
5479,13075,0.7456372976303101
5690,11486,0.9058476686477661
6824,17634,0.8627903461456299
5558,17463,0.8320497274398804
3033,14219,0.8560746908187866
4119,16699,0.843019425868988
6332,11080,0.8719075918197632
6862,14327,0.7799338102340698
7454,18124,0.8501206636428833
8864,16886,0.7710910439491272
5838,10962,0.6449114084243774
4013,18641,0.7589229345321655
9036,13836,0.7635567784309387
4499,12186,0.7177374958992004
9281,17965,0.7280276417732239
7540,12118,0.7778898477554321
7487,15635,0.9338379502296448
5427,11622,0.8295297622680664
4113,17106,0.7589097023010254
8080,15345,0.8776782751083374
789,16823,0.8194705247879028
1256,11098,0.7581299543380737
9319,10157,0.9048993587493896
4129,10744,0.7953125834465027
5990,18379,0.7144842147827148
6962,10710,0.8467992544174194
208,11968,0.8542682528495789
7169,12918,0.7310962080955505
6694,17124,0.7386965751647949
5213,13439,0.7369791865348816
7942,10126,0.8687258362770081
4914,10704,0.7706818580627441
9481,18301,0.9109610915184021
6529,17075,0.8717008233070374
3276,16742,0.6805460453033447
5421,14073,0.9481652975082397
5258,14199,0.817471444606781
7377,14281,0.7310214638710022
4826,18845,0.7024849057197571
5840,19238,0.896570086479187
2178,14252,0.902648389339447
501,13048,0.8522168397903442
7281,11179,0.738145112991333
8289,9909,0.8491162657737732
8287,10519,0.8428463935852051
3562,13988,0.9252858757972717
2979,11051,0.8419137001037598
5434,12775,0.8672786951065063
2564,13353,0.8556981086730957
5687,10954,0.8553887605667114
6940,14801,0.900759220123291
6830,15400,0.8458395600318909
6400,18957,0.8086576461791992
1076,13524,0.796478807926178
7689,14208,0.7185893058776855
2695,11647,0.828636646270752
8801,18704,0.7937689423561096
6414,11317,0.9321836233139038
7039,16939,0.8197339773178101
4747,12529,0.8078005313873291
281,13300,0.8580058217048645
4028,10115,0.8711100816726685
609,19113,0.8342034816741943
8160,15341,0.7978838682174683
4370,19140,0.8399765491485596
7306,12437,0.7942092418670654
6742,10654,0.7239899635314941
5636,11976,0.693035364151001
3106,16710,0.6602421998977661
7474,11745,0.8213729858398438
7290,16418,0.8319506645202637
1065,11890,0.7828976511955261
162,14572,0.8816872835159302
3742,16120,0.8828103542327881
1381,16010,0.7729774117469788
4124,9849,0.8243554830551147
3143,14904,0.812512993812561
8953,10092,0.8412504196166992
5613,14478,0.8800928592681885
9592,16570,0.734037458896637
9328,19159,0.7912338972091675
2763,16841,0.8426379561424255
5747,14736,0.8534351587295532
7173,11800,0.8829832077026367
7590,17556,0.8168662786483765
949,12979,0.737915575504303
4481,17609,0.8200830221176147
6447,10950,0.7308586239814758
1987,15865,0.842255711555481
953,16203,0.8505160808563232
9212,18727,0.7875192165374756
1089,11643,0.8510438203811646
6637,10012,0.8680294752120972
614,10570,0.9066145420074463
2080,12722,0.8842235803604126
5683,14616,0.8442908525466919
7551,18563,0.8195799589157104
7009,11721,0.7094437479972839
7503,15537,0.8019495010375977
9280,14909,0.7903592586517334
3286,10711,0.7961146831512451
7495,9964,0.8147262930870056
3136,17387,0.7787536382675171
1048,11312,0.8753724694252014
2282,18793,0.7037874460220337
4170,16923,0.8357517123222351
5962,11449,0.8707975149154663
247,12930,0.760217547416687
2165,12469,0.9076406955718994
3795,11282,0.8302241563796997
6954,19025,0.8354959487915039
9259,9865,0.7998576164245605
3362,13728,0.7844346165657043
6550,12112,0.833584189414978
1326,13234,0.8865747451782227
7015,14636,0.7482547163963318
2730,18922,0.8499062061309814
7450,12826,0.8522810339927673
6626,16919,0.8443279266357422
3481,15750,0.7788553237915039
8611,17846,0.861164927482605
901,14415,0.8252632021903992
4027,14926,0.7966709136962891
7646,17472,0.8389722108840942
4338,14981,0.9102704524993896
2100,15463,0.842186450958252
8810,17200,0.8374937772750854
1008,10409,0.7025460004806519
660,13554,0.7706685066223145
9511,12094,0.8180047273635864
9221,10106,0.845267117023468
6334,16335,0.7768614292144775
6780,10721,0.8344318866729736
5572,14320,0.6987311244010925
400,15069,0.8572816848754883
299,15313,0.8152850270271301
1923,17611,0.7421729564666748
3208,10287,0.7785364985466003
4529,17449,0.7687563300132751
2465,14932,0.8095114231109619
7359,17923,0.8335006237030029
2401,16589,0.8439483642578125
2119,11552,0.7970569729804993
5040,10334,0.8747920989990234
4436,12940,0.8505547642707825
4389,11288,0.7608292102813721
4648,9995,0.7959346771240234
593,17973,0.7322055101394653
2939,17202,0.7559484243392944
6207,17641,0.8327947854995728
4730,11606,0.8112058043479919
1425,11752,0.8401349782943726
1897,18050,0.8835964202880859
8205,12519,0.7772158980369568
6880,10443,0.6728430986404419
5087,15575,0.8524385690689087
4416,14239,0.7438178658485413
8609,10159,0.8380212783813477
3258,17072,0.7104499340057373
4422,15144,0.7593531608581543
7926,12106,0.8240500688552856
4920,12490,0.8907129764556885
4556,14521,0.7588196992874146
8964,19148,0.7678109407424927
8437,17256,0.7717928886413574
5201,12209,0.7433328628540039
6581,17103,0.8012217283248901
6920,10326,0.7945448160171509
4516,15868,0.7790384292602539
5761,15988,0.7796639204025269
2638,12509,0.8046217560768127
354,11406,0.8316253423690796
7855,18757,0.8363083004951477
3246,11075,0.7574476599693298
1984,15351,0.8840413689613342
7664,11534,0.8398216962814331
5660,15333,0.8612697720527649
9258,10835,0.8438020944595337
3919,10873,0.8644189834594727
6998,10252,0.7601423859596252
6596,16835,0.8354707956314087
7371,10175,0.7607631683349609
505,12163,0.8334234356880188
4965,10866,0.8394073843955994
4842,13874,0.7911839485168457
6350,18714,0.9049110412597656
2683,14434,0.8193718791007996
2911,10764,0.8613731861114502
4328,18085,0.8732331991195679
5397,10554,0.7828468084335327
7878,16872,0.7601560950279236
3954,17817,0.8902345895767212
1617,13351,0.7080711126327515
6173,19193,0.8516680598258972
9401,16338,0.7676498889923096
2561,16127,0.7830550670623779
3260,16044,0.8294045925140381
5982,17325,0.8220059871673584
5394,16251,0.8566134572029114
1771,10401,0.8853509426116943
9417,18485,0.8524437546730042
737,13026,0.941411018371582
6589,11985,0.7889086604118347
2969,13096,0.8902453184127808
1398,12765,0.7623382806777954
8325,16997,0.7790939807891846
7374,11437,0.8961949348449707
3085,10812,0.8696815967559814
8012,15582,0.7797095775604248
921,17247,0.8816379308700562
2670,17799,0.7758316993713379
2199,14303,0.8652942776679993
3232,10998,0.8600206971168518
8827,11096,0.7970174551010132
3190,17019,0.7770184874534607
5999,15654,0.8861483335494995
3979,14551,0.8695802688598633
1143,14264,0.8139759302139282
531,18907,0.7598577737808228
9410,13242,0.8198333978652954
2105,10509,0.876964271068573
6612,11908,0.8788188695907593
7832,16446,0.7980548739433289
7236,16853,0.8184534311294556
5565,13896,0.8915061950683594
6220,11982,0.8859426379203796
5340,14983,0.7567243576049805
6202,16921,0.870668351650238
6147,10078,0.8971830606460571
7572,12262,0.8509427309036255
4748,11173,0.8576706647872925
5094,16848,0.8051143288612366
2548,12347,0.8547374606132507
5939,11205,0.8108125925064087
744,17456,0.8575066924095154
263,19209,0.8331927061080933
2543,14570,0.8442378044128418
3273,17013,0.8032131791114807
5922,9832,0.7957549095153809
5443,17636,0.819495677947998
9639,13229,0.8741920590400696
4877,13316,0.8936095237731934
3651,15613,0.7051668167114258
4746,11626,0.8685480356216431
1706,17727,0.7933217287063599
8050,10105,0.8307268023490906
4203,12706,0.7870561480522156
671,16519,0.790540337562561
4106,12916,0.8790695667266846
4996,9784,0.8541375994682312
7919,15793,0.8174175024032593
6080,13452,0.8570088148117065
4043,11584,0.7396352887153625
3542,17226,0.7778672575950623
2391,10516,0.815973162651062
3667,15232,0.8171955347061157
7525,12727,0.8801527619361877
407,11214,0.8319228887557983
6094,11446,0.884708046913147
6482,16770,0.707059919834137
3464,16330,0.8568160533905029
1904,11322,0.7905746698379517
5967,14557,0.822180449962616
3660,11441,0.7668843269348145
9057,17010,0.7206235527992249
1183,16683,0.8833061456680298
40,18479,0.7123662233352661
4241,17886,0.8843547105789185
708,14944,0.8176398873329163
1723,13339,0.8270372748374939
9110,9972,0.8256537318229675
4077,18097,0.6914787292480469
4700,14066,0.6134693026542664
3691,13786,0.8150506019592285
3589,12498,0.8115947842597961
3289,12235,0.8822082281112671
1510,16893,0.6451721787452698
768,16137,0.8610105514526367
7453,10894,0.8793959617614746
4174,19052,0.9380983114242554
6437,13624,0.8853708505630493
4511,17880,0.8447842001914978
7429,10084,0.8274099826812744
1239,13995,0.8048686385154724
3078,16459,0.8137357831001282
1805,19022,0.8332000970840454
5831,19000,0.8310555219650269
511,14940,0.8363505005836487
6648,16981,0.8243230581283569
2960,12144,0.7806828022003174
9489,16918,0.8630515336990356
3905,18334,0.8857603073120117
8614,13993,0.858258068561554
6821,15593,0.8211009502410889
4503,16237,0.8016754388809204
1416,12399,0.7497428059577942
2746,13408,0.8291323184967041
2819,10801,0.8030955791473389
8168,16433,0.7903359532356262
1288,10774,0.8621983528137207
6707,17073,0.81706303358078
434,16965,0.8327314257621765
2048,18338,0.79432612657547
1867,18438,0.8020216822624207
3952,16107,0.7312983274459839
925,11988,0.7876049280166626
3002,12147,0.7297676801681519
3268,16400,0.860630989074707
6393,17336,0.820944607257843
4818,11237,0.8279318809509277
2987,14895,0.8959380984306335
4607,14956,0.7621221542358398
8759,18434,0.8272524476051331
623,15361,0.8721051216125488
3577,10279,0.8658649325370789
2830,17246,0.8089715838432312
3615,10161,0.858769953250885
6730,13385,0.8473703861236572
1369,12570,0.7596263885498047
3540,15622,0.7605542540550232
5983,18640,0.7755763530731201
6362,16933,0.7838085889816284
5818,11484,0.8289499878883362
8884,14552,0.7703148126602173
7076,14498,0.7417223453521729
6619,11880,0.778157114982605
3780,11696,0.8160470128059387
8364,13460,0.799270510673523
4535,16312,0.8142101764678955
9378,18223,0.8979086875915527
9237,11875,0.7820466160774231
5519,14765,0.8026512861251831
8358,18160,0.8141719102859497
9520,14917,0.7720997333526611
3833,15828,0.8827915191650391
4385,17732,0.8140771389007568
9503,18394,0.7980309724807739
7953,14420,0.843771755695343
5527,10259,0.8010711669921875
3384,9933,0.7924050092697144
2998,16868,0.8623379468917847
1034,17378,0.8958682417869568
2016,10379,0.758493959903717
5374,12196,0.8013657331466675
2924,9935,0.8425188064575195
5942,11054,0.8171664476394653
9542,13558,0.8374447822570801
7812,14646,0.8278851509094238
1883,15553,0.8534603118896484
8683,16862,0.6851726174354553
3375,10462,0.8142615556716919
3810,11006,0.8105741739273071
2172,11134,0.7851715087890625
9390,10428,0.8466010689735413
617,14651,0.814277172088623
2983,16188,0.8197827339172363
154,18621,0.8440968990325928
2551,17212,0.7586842775344849
2783,17838,0.8654834628105164
8919,16738,0.74394291639328
3723,9968,0.8161305785179138
7772,12533,0.8860279321670532
9468,17688,0.7637407779693604
5501,11675,0.7161000967025757
5643,10923,0.8903052806854248
2455,11753,0.7782642245292664
7274,15589,0.8414305448532104
7617,13144,0.78453528881073
696,18007,0.8075295686721802
5909,17498,0.7622666954994202
6340,16101,0.8460631370544434
3939,9775,0.818219006061554
6073,16471,0.7830227613449097
5399,13716,0.7097916603088379
6458,10394,0.8268535137176514
2697,15805,0.644327700138092
7776,17559,0.7014482021331787
210,14938,0.8418067693710327
8489,11200,0.8378317952156067
8585,18356,0.7939152717590332
9501,15348,0.878558337688446
378,10431,0.7637912034988403
8478,17557,0.7807098031044006
3252,9732,0.7900453805923462
8169,13629,0.82134610414505
3811,14427,0.9177367687225342
6324,17065,0.8124575614929199
3557,17154,0.7798784375190735
2893,12221,0.8068480491638184
3650,15296,0.853825569152832
8894,15161,0.8430685997009277
7713,11829,0.8192330598831177
9546,18467,0.862517237663269
1988,11905,0.8281667232513428
7928,17833,0.8556908369064331
1653,14672,0.8568075299263
919,19188,0.7041139602661133
7221,17694,0.7486231327056885
4918,11513,0.8156895637512207
5520,15245,0.7748567461967468
6342,14001,0.8120615482330322
4571,14177,0.793574333190918
8796,11460,0.857936441898346
7593,14713,0.8269285559654236
5393,18978,0.8597582578659058
2429,16174,0.8166395425796509
6676,15888,0.815245509147644
8297,15060,0.8003438115119934
22,16243,0.8726359605789185
5226,15188,0.8537376523017883
5673,11564,0.8743408918380737
1494,13323,0.8667587041854858
1038,15239,0.8388523459434509
8076,13686,0.8030143976211548
7637,17662,0.7155495882034302
376,17326,0.7408668398857117
1970,11329,0.8240163326263428
2524,15665,0.8022782802581787
6673,19235,0.755090594291687
9433,15623,0.778753399848938
7587,18031,0.749919056892395
7366,15320,0.7508995532989502
9388,15718,0.8061924576759338
2267,16052,0.7989636063575745
2496,18384,0.8144108057022095
5626,12876,0.8389479517936707
5598,16066,0.8375974297523499
8457,11610,0.7942111492156982
5395,17657,0.8909499645233154
7424,14767,0.7876062393188477
9171,12068,0.8098684549331665
7017,18574,0.8327129483222961
1383,16546,0.729150652885437
7363,13331,0.7889320850372314
8023,18267,0.8642473220825195
2432,13918,0.8494629859924316
6975,16635,0.833829939365387
2942,14431,0.8227982521057129
7853,16523,0.7633702754974365
9265,11532,0.8494409322738647
9684,13378,0.5370511412620544
9312,11020,0.81688392162323
3594,10749,0.8269649147987366
8244,17160,0.8359040021896362
9061,11846,0.7466087937355042
6452,17697,0.8669443130493164
3470,15675,0.761233925819397
7211,15729,0.7409987449645996
3790,18606,0.715813398361206
6208,14731,0.858817458152771
9354,17112,0.8517600893974304
5366,15139,0.7781660556793213
791,14375,0.789279580116272
260,16228,0.7531085014343262
8636,17794,0.7910276651382446
7834,10215,0.7730885744094849
8122,17165,0.8252969980239868
4213,18084,0.7634016275405884
3048,16255,0.6901615858078003
9271,11034,0.8639380931854248
4262,19141,0.7638609409332275
8267,11706,0.8050076961517334
5821,17238,0.8008722066879272
7326,11431,0.6975284218788147
145,16084,0.862777829170227
6221,11602,0.7895203828811646
4528,18866,0.7827720046043396
3162,17098,0.7399195432662964
4917,19116,0.825850784778595
8829,12770,0.8352949023246765
8776,16790,0.5462945699691772
6253,17969,0.8447595834732056
7828,10735,0.7493821382522583
3934,12577,0.8060812950134277
3353,18706,0.784201979637146
1477,15976,0.7658700346946716
3324,10134,0.8012920618057251
3819,10019,0.8133120536804199
9309,10952,0.8130013942718506
9012,9820,0.800595223903656
8844,11073,0.7487236261367798
8728,14011,0.8050497174263
2413,11043,0.8723875284194946
2173,17804,0.7954665422439575
4406,12368,0.7985687255859375
6386,14882,0.7704914808273315
3584,18296,0.7440158724784851
4269,18716,0.8142439126968384
2396,18789,0.882853627204895
1162,19088,0.7477272152900696
514,13645,0.7057213187217712
1452,13003,0.8025579452514648
6791,18274,0.8009410500526428
1336,14844,0.8274997472763062
4733,13134,0.7878710031509399
8760,10779,0.7935963869094849
7568,13354,0.7317235469818115
151,13746,0.8435561656951904
227,15810,0.7829990386962891
3177,17319,0.7787003517150879
5766,16778,0.8218792080879211
4349,18243,0.889629065990448
8299,17946,0.7347383499145508
1914,15042,0.7442225813865662
2643,13479,0.8623707890510559
3275,13058,0.8124469518661499
6317,10898,0.7562593221664429
7125,17011,0.7120144963264465
8190,10476,0.7924284338951111
3987,15098,0.8074451088905334
5932,15824,0.7816066145896912
2868,18852,0.7882423400878906
4991,14424,0.7645856142044067
5835,11570,0.8825945258140564
8685,16114,0.8434365391731262
5308,15881,0.857039213180542
1342,18953,0.7520553469657898
969,10642,0.8168843984603882
4461,13424,0.8216444253921509
9372,15058,0.6469101905822754
3718,12146,0.74384605884552
9290,13421,0.7863094806671143
5442,18258,0.766613781452179
678,10248,0.8755450248718262
8359,14725,0.8231806755065918
4777,11058,0.8106145858764648
9476,15514,0.8572409152984619
1885,9869,0.8273510932922363
2541,18890,0.7250860929489136
4611,10003,0.8594503998756409
7128,10644,0.7171050310134888
9424,13252,0.7143204808235168
5255,13076,0.8054310083389282
1029,17544,0.7358419299125671
9045,12756,0.743725061416626
9058,13662,0.7773897647857666
5549,18477,0.7833223342895508
2369,11346,0.7626475095748901
1631,16302,0.8712565898895264
2339,13783,0.7262344360351562
4001,11871,0.7547710537910461
310,14241,0.8674430847167969
7343,16867,0.8912781476974487
2027,15322,0.6730488538742065
1152,10499,0.7288562655448914
4130,17033,0.7838125228881836
938,14834,0.8241733312606812
4970,10020,0.8620810508728027
8846,12956,0.7472811937332153
2880,18553,0.8120251893997192
3210,15655,0.7118731737136841
2441,16457,0.8514951467514038
6786,18855,0.8429625034332275
8310,17305,0.8158575296401978
7196,19154,0.8082969784736633
8862,18588,0.7559665441513062
8872,14495,0.8561258912086487
2518,15702,0.844473659992218
5899,18238,0.788678765296936
5055,10079,0.7164850234985352
7376,12544,0.7283065319061279
2108,17543,0.7566468119621277
7641,15141,0.7960000038146973
9431,12201,0.8594209551811218
9082,12025,0.7333233952522278
3776,12100,0.8227911591529846
7838,14828,0.737383246421814
5707,11404,0.7415632009506226
7489,13257,0.8504838347434998
1154,9842,0.7445937395095825
8139,13312,0.8528741598129272
9627,12136,0.848131537437439
2490,9959,0.8581146001815796
8135,15919,0.8115784525871277
8216,16996,0.7293626070022583
4393,15544,0.7555380463600159
4229,16229,0.8533470630645752
5452,16506,0.7792937755584717
3408,14881,0.825870931148529
8518,15458,0.8003804683685303
9677,18456,0.8316650390625
5051,13886,0.8578073978424072
2449,11840,0.8107249140739441
8863,11467,0.8037528991699219
850,13496,0.8518779277801514
8403,13247,0.784574031829834
4062,12634,0.7510499358177185
2382,12735,0.7672592401504517
7981,17750,0.8092349767684937
6956,14647,0.8372200727462769
1286,12849,0.7793276309967041
141,18311,0.7829618453979492
3836,11436,0.7903741002082825
6273,16976,0.7811165452003479
5696,15459,0.8469150066375732
5096,13788,0.7607555389404297
4356,16561,0.8500949144363403
8127,9966,0.8588645458221436
8202,15107,0.8154206275939941
4228,16049,0.8008551597595215
2778,18324,0.695152997970581
3960,11053,0.8990525007247925
2292,18909,0.8012794852256775
5446,10263,0.7899203300476074
3835,10988,0.8183972835540771
2593,16145,0.7937716245651245
44,16556,0.8594961166381836
3659,16233,0.8062777519226074
2722,13139,0.8225618600845337
9645,16415,0.7825251221656799
79,13764,0.7364139556884766
3440,18515,0.8094205856323242
4432,17933,0.8824740052223206
1930,12944,0.8096685409545898
8105,9975,0.8231555223464966
4739,15625,0.7420014142990112
9403,10990,0.8132004141807556
6916,15835,0.7687515020370483
8143,14411,0.8833596706390381
7415,17367,0.8036582469940186
6615,15571,0.8384627103805542
5313,18306,0.8274672627449036
4687,18325,0.7926291227340698
3969,12599,0.7957004308700562
3255,16275,0.7314572334289551
5027,12771,0.8413904309272766
6297,16846,0.7240384221076965
2138,17028,0.7315207719802856
3038,10931,0.816481351852417
6678,15846,0.8453607559204102
1010,16361,0.8361780643463135
4856,17311,0.5971758365631104
2168,12514,0.8398237228393555
3946,17148,0.835314929485321
8438,10296,0.8475185632705688
3018,16727,0.8065913915634155
8445,14160,0.7794451117515564
2714,12816,0.7994601726531982
4205,12535,0.8464854955673218
8375,14954,0.8016195297241211
3759,11426,0.7739776372909546
5031,11578,0.851134181022644
8409,17895,0.807706356048584
5282,17507,0.806491494178772
7873,9883,0.7872798442840576
902,14816,0.744148850440979
4368,15928,0.8549267053604126
4345,9824,0.8532559871673584
8213,13884,0.8388614654541016
3333,11126,0.7694003582000732
4843,17179,0.8316024541854858
2240,15136,0.82144695520401
2838,19171,0.8097684979438782
1276,13897,0.6859686374664307
5873,10843,0.7527700066566467
5145,15289,0.8483936786651611
963,15588,0.9014366865158081
3652,10548,0.8780630826950073
2708,17649,0.7396766543388367
8743,12613,0.8452086448669434
6248,13534,0.7727434635162354
1911,15829,0.7862652540206909
8579,9753,0.7814840078353882
7521,10169,0.7197014689445496
2234,18353,0.8248962163925171
6771,14299,0.7759672999382019
3637,18450,0.828323483467102
9696,17772,0.7374677658081055
4122,13156,0.7138110399246216
1734,14714,0.7485146522521973
9658,18254,0.8047811388969421
5453,13692,0.7994635701179504
3761,19211,0.810443639755249
1495,17600,0.6801936626434326
2293,13542,0.6954724788665771
8204,12839,0.8712387084960938
352,11898,0.8165688514709473
2829,18178,0.8398785591125488
2907,13256,0.854991614818573
4309,13133,0.7980406880378723
1397,16705,0.7704393863677979
8319,17832,0.8252547383308411
9262,13069,0.8160969018936157
7248,12435,0.8018918633460999
7766,12344,0.8464398980140686
9037,13029,0.811107337474823
5893,11302,0.7869414687156677
5878,13357,0.7825656533241272
4821,18196,0.8799816966056824
3151,17788,0.7590934038162231
189,11165,0.8071610927581787
3281,15280,0.7850680351257324
1408,16016,0.8228524923324585
5516,11108,0.8971238136291504
1140,13949,0.8111245632171631
2550,18660,0.8735737204551697
9700,14918,0.7880722284317017
4640,10883,0.6717652082443237
5487,13178,0.8275311589241028
2995,13945,0.852188229560852
8294,12906,0.7919461131095886
3935,10064,0.820510983467102
8847,16900,0.759030818939209
3047,19220,0.795364499092102
8425,13642,0.858617901802063
8496,18281,0.7878910899162292
6666,15494,0.6542304754257202
9344,9792,0.7969347238540649
4549,10864,0.8148729801177979
348,16380,0.7380314469337463
8324,15786,0.8661828637123108
6419,14500,0.8669500350952148
8826,12524,0.8080841302871704
3921,16377,0.8081787824630737
4845,12223,0.7726937532424927
1836,15233,0.7493947744369507
2370,16679,0.858244776725769
331,10459,0.7705155611038208
4375,18352,0.793612539768219
1967,17765,0.8872722387313843
8332,12581,0.7991802096366882
6133,11558,0.9005354046821594
6008,15879,0.8464369773864746
4940,10400,0.7349728345870972
3957,16278,0.8312045931816101
2072,15522,0.8007149696350098
7351,12560,0.7049214839935303
6427,12258,0.770132303237915
5216,10975,0.8211435079574585
5737,14785,0.8040799498558044
8838,14986,0.8409736752510071
702,9870,0.7401474714279175
8228,16610,0.7996693849563599
604,10266,0.8199731707572937
9556,19042,0.8797179460525513
1625,17366,0.7635921835899353
2222,14886,0.7786697745323181
7033,17440,0.8081549406051636
4317,15796,0.8086961507797241
2805,11612,0.860884428024292
5263,11376,0.8126636147499084
2955,12561,0.7274819612503052
2527,11652,0.778356671333313
3715,16013,0.838947594165802
2312,19146,0.8242446184158325
5275,14404,0.7793287634849548
3088,17122,0.8236347436904907
5312,10820,0.7819854021072388
7711,13099,0.7942086458206177
3513,16819,0.7716468572616577
7311,15465,0.7784091830253601
5106,11559,0.8339394927024841
4619,11186,0.7532748579978943
7273,10604,0.8148946166038513
574,13976,0.7724474668502808
8429,14902,0.839194655418396
1796,13985,0.7219454646110535
8507,16445,0.7927864789962769
9078,17626,0.7955603003501892
2990,18272,0.7968676686286926
8454,14869,0.8067712187767029
1618,15039,0.8118398189544678
8038,12601,0.7736048698425293
560,13209,0.8452640175819397
6172,16443,0.8761382699012756
304,16745,0.8166046142578125
547,15445,0.8597275018692017
6106,17790,0.838560938835144
8117,18447,0.8273031115531921
1969,12353,0.7882754802703857
7954,11067,0.8489019870758057
6829,19051,0.8357276916503906
6925,16367,0.7250875234603882
7397,14509,0.7656655311584473
6708,13404,0.8633582592010498
464,11017,0.8176902532577515
8711,13877,0.8511868715286255
2189,18746,0.8242369890213013
7948,9976,0.8106898069381714
8961,9928,0.7413455843925476
3843,11820,0.748798668384552
1544,17538,0.8033277988433838
9365,16804,0.8323099613189697
9466,11206,0.7916803956031799
5253,10344,0.8545511364936829
7237,12891,0.8319671154022217
6197,16192,0.7836868762969971
8341,18864,0.7797785401344299
2779,13194,0.7357060313224792
9575,18323,0.7994077801704407
7801,10077,0.8737661242485046
3868,19216,0.7751721143722534
3701,19073,0.8166519403457642
4561,19155,0.741066575050354
185,15785,0.7314485311508179
5407,18628,0.775784432888031
713,17784,0.7833421230316162
6715,16982,0.8379999399185181
5411,13239,0.7723939418792725
4767,18385,0.7982552647590637
7810,16301,0.8308916687965393
910,9989,0.7421449422836304
7751,9767,0.8348398208618164
3487,17022,0.7336258888244629
8004,12213,0.7703277468681335
3796,16525,0.8238735198974609
526,11804,0.8625750541687012
5722,17587,0.8230180144309998
4813,17664,0.8273683786392212
5079,18775,0.7879185080528259
5787,16499,0.8472105860710144
1523,12687,0.7728231549263
6762,10918,0.8120079040527344
5357,16621,0.8028237819671631
5251,14403,0.7426411509513855
7418,17525,0.8107907772064209
8452,14592,0.7491320967674255
1945,15735,0.8176316022872925
1806,10847,0.7184145450592041
5007,18329,0.8174328804016113
4302,9900,0.7964917421340942
7824,18583,0.8585531115531921
1940,14896,0.824595034122467
261,10022,0.7609581351280212
7945,11440,0.8027640581130981
4788,13849,0.7862116098403931
5405,17690,0.8197453022003174
6327,10070,0.8171054124832153
5072,9800,0.796686589717865
3818,13736,0.7956383228302002
6193,16268,0.7497332096099854
860,16285,0.8036537170410156
4854,15890,0.7386532425880432
7720,10206,0.7318941950798035
7384,15815,0.7485816478729248
4264,17157,0.8104444742202759
2978,14188,0.7818940877914429
3875,10999,0.8020526170730591
115,12211,0.7940011024475098
7465,14000,0.8561357259750366
2352,18947,0.8623287677764893
5513,12828,0.8029568195343018
2033,13148,0.855720579624176
4505,18421,0.7965710163116455
7960,13490,0.775391697883606
8879,15761,0.8330886363983154
591,18260,0.8441066145896912
3184,14379,0.8369096517562866
886,13803,0.8423075675964355
8182,14721,0.764229953289032
6146,10811,0.8276636600494385
7392,17096,0.7872107028961182
3988,9866,0.8360365629196167
4614,11338,0.8956170082092285
6201,10956,0.7822002172470093
245,10755,0.8302478790283203
7794,16796,0.8732303977012634
525,10458,0.7701904773712158
1095,18654,0.7443237900733948
6746,12821,0.8495596051216125
6127,14842,0.8716126680374146
8066,18602,0.8329914212226868
3732,11055,0.806311845779419
2038,14922,0.8941585421562195
3168,10556,0.786402702331543
9026,18237,0.8956839442253113
6158,18891,0.8303388357162476
7752,17548,0.918634295463562
5874,16576,0.845549464225769
3511,10341,0.8675556182861328
2217,14998,0.8586468696594238
6204,11078,0.8176537752151489
2653,17563,0.9495418071746826
6453,15581,0.7653340697288513
6320,12684,0.7975612878799438
4116,12630,0.8248300552368164
4830,15255,0.6932619214057922
5319,9969,0.8560135364532471
3381,14708,0.8341615796089172
6947,14739,0.8826851844787598
7992,18835,0.6787935495376587
6891,11433,0.7172824144363403
8313,11766,0.8317099809646606
3882,13996,0.7576638460159302
4972,11423,0.782486617565155
6243,16047,0.8075793981552124
3605,12030,0.7682071924209595
6247,13913,0.819429337978363
6977,9940,0.8019844889640808
1603,15287,0.7538578510284424
7280,12608,0.7616040110588074
8519,14792,0.7949515581130981
3760,14041,0.824211835861206
7998,17268,0.8322547674179077
2482,10522,0.7802906036376953
7296,14215,0.8975178599357605
5089,17553,0.8381993770599365
64,13809,0.872420072555542
2318,12271,0.8678842782974243
2363,11231,0.7648705244064331
4110,13714,0.8075525164604187
5543,14952,0.7720719575881958
510,9943,0.7262891530990601
5057,14794,0.8593837022781372
8874,13780,0.7482912540435791
3529,18397,0.8402742743492126
2435,18688,0.771956741809845
651,12492,0.855700671672821
2264,19066,0.7814699411392212
7631,17062,0.7536985874176025
4779,16130,0.7687817811965942
7081,17888,0.8469481468200684
7890,17785,0.807154655456543
9277,11045,0.6829926371574402
9671,14103,0.8441378474235535
5352,18929,0.8144710063934326
2885,11308,0.7950318455696106
4518,16077,0.7792009711265564
3348,15726,0.7968302369117737
7302,11878,0.7318427562713623
1490,11422,0.8305730819702148
9541,17430,0.8445404171943665
193,14321,0.7205648422241211
223,19163,0.7852978706359863
3693,16845,0.758232831954956
3924,16453,0.7346442937850952
8192,13043,0.8235708475112915
8495,10899,0.8328571319580078
5063,13465,0.8565688133239746
3558,10629,0.7793872356414795
6026,13104,0.8552640080451965
8181,13508,0.7725565433502197
302,17381,0.838097333908081
8542,16493,0.8334433436393738
6573,18429,0.8133201599121094
5260,12867,0.7975535988807678
1470,10503,0.7870007753372192
2598,16860,0.7649020552635193
1652,12814,0.7557109594345093
6225,14491,0.7562106847763062
9554,10671,0.8242967128753662
6854,10886,0.81932532787323
2785,14008,0.717025637626648
2375,19231,0.8657388091087341
8408,10997,0.7903734445571899
1054,16274,0.8039195537567139
6006,10447,0.7734514474868774
1973,19019,0.8281317949295044
9256,10867,0.8369358777999878
8666,18564,0.8147162199020386
958,11382,0.7097595930099487
1352,11124,0.850091278553009
9042,10267,0.8503597974777222
7394,14367,0.7944645881652832
207,18614,0.8630138635635376
4473,16824,0.8359955549240112
421,14696,0.827796220779419
9218,14985,0.8123563528060913
9337,10136,0.8694558143615723
6664,17940,0.8361972570419312
9707,9833,0.707695484161377
7475,14567,0.7713133096694946
5115,13892,0.826592743396759
4673,18001,0.8626376390457153
4410,10682,0.8511240482330322
4975,17236,0.8424137234687805
2003,14365,0.7732385993003845
1075,12525,0.8570902943611145
9163,16234,0.7946380972862244
7434,13183,0.8638176918029785
6336,15294,0.8417268991470337
8706,10294,0.796156108379364
9151,16304,0.7567228078842163
2233,17819,0.787629246711731
2758,16760,0.8041191101074219
8637,14813,0.8393566608428955
3093,14976,0.7654645442962646
7217,12732,0.8038133382797241
9586,16350,0.8281265497207642
1144,10086,0.8848177194595337
3763,13159,0.8379480838775635
5386,14484,0.8378522396087646
6754,15198,0.773592472076416
3514,14221,0.7548313140869141
5298,12243,0.8145986795425415
9244,10154,0.8618506789207458
9224,13175,0.840855598449707
7833,10953,0.8760188817977905
7603,10506,0.7911243438720703
2279,14571,0.8029589653015137
153,14298,0.7727146148681641
6653,19091,0.8897914886474609
2440,12443,0.7809875011444092
6899,18169,0.8337031602859497
5444,15918,0.8012449741363525
5911,15429,0.7901885509490967
4021,10168,0.8312007188796997
8656,11195,0.791203498840332
8381,16219,0.8182461261749268
7895,10818,0.8302468657493591
4497,12541,0.7818371653556824
8339,10761,0.7974293828010559
4613,14098,0.7974744439125061
1203,11854,0.7225643992424011
7425,14477,0.7482047080993652
1160,17534,0.7935618162155151
8268,10325,0.746414065361023
9192,13667,0.7467406988143921
7183,11556,0.7704232931137085
1431,17351,0.693214476108551
8124,11937,0.8314627408981323
9580,12978,0.84749835729599
8596,12714,0.7179392576217651
8145,15070,0.7429904937744141
5384,10698,0.819535493850708
8271,16139,0.8580836653709412
5502,17863,0.8182756900787354
8442,13187,0.6811866164207458
6964,18185,0.8388204574584961
413,16371,0.7209742069244385
546,16567,0.7935553789138794
8976,16591,0.8122937679290771
5546,12246,0.7984654307365417
8671,13313,0.7102513313293457
1786,18168,0.742156982421875
7856,10091,0.8391193151473999
8209,13298,0.8511899709701538
5304,16001,0.8421950340270996
8371,10146,0.8078814148902893
5325,17316,0.8561527132987976
4756,17589,0.8588746190071106
1578,17963,0.8458566069602966
6475,15647,0.7833778262138367
8282,18900,0.8353589773178101
3861,17251,0.7885962724685669
9133,15436,0.69278484582901
5692,15705,0.6781996488571167
7567,11281,0.7002747654914856
1328,14187,0.768816351890564
7038,13457,0.8322896361351013
932,13227,0.7689835429191589
2525,19201,0.6553489565849304
9515,18506,0.6810334920883179
3482,15259,0.8284389972686768
8603,11383,0.8261092901229858
9302,16973,0.7919782400131226
9462,17053,0.839145302772522
1070,14766,0.8094608187675476
7494,11444,0.8155571222305298
7350,9917,0.8189504146575928
1549,18289,0.7719546556472778
7595,14047,0.8198320865631104
7681,14637,0.8021258115768433
5276,18680,0.8014776110649109
3011,16898,0.8234632015228271
7322,12050,0.8125499486923218
2226,11830,0.8493976593017578
7639,10414,0.7387580871582031
3257,12797,0.8428938388824463
3920,15831,0.8187544345855713
160,18057,0.7501097917556763
8132,14748,0.809907078742981
9444,17309,0.7852576971054077
6669,10346,0.8349003791809082
7175,13882,0.7817598581314087
628,16115,0.8765487670898438
1609,15818,0.8072257041931152
323,10871,0.8630871772766113
2795,13833,0.7717080116271973
916,13426,0.7984786033630371
4693,9734,0.7688037753105164
7314,13336,0.7882392406463623
8648,11023,0.7395978569984436
4926,11159,0.8451294898986816
7251,14823,0.8608328104019165
6137,14800,0.824594259262085
4508,9719,0.8176232576370239
2300,13138,0.8643689751625061
9255,15954,0.8763015866279602
9100,13695,0.766839861869812
2489,12085,0.8907250165939331
5020,11235,0.8209304809570312
3804,14959,0.8051429986953735
1060,17934,0.7866456508636475
5957,16376,0.9347265958786011
4588,13613,0.7998660206794739
4836,12958,0.8518182635307312
2611,13697,0.768119215965271
5712,18011,0.7503433227539062
9257,11061,0.8396708965301514
5754,18060,0.8504493236541748
524,17481,0.7853691577911377
2985,15357,0.858612060546875
4018,12304,0.7966087460517883
1588,16398,0.752811849117279
457,13371,0.8833339810371399
4688,18129,0.8264563679695129
2129,14043,0.8082743287086487
3112,18514,0.7477611899375916
6590,12294,0.8310287594795227
3032,19120,0.8561701774597168
3277,9871,0.8538932800292969
5730,12286,0.8340063095092773
5790,11688,0.857006847858429
7712,13977,0.8323667645454407
7292,10955,0.7934386134147644
4055,17415,0.8366446495056152
2842,15909,0.8470647931098938
6645,15584,0.790716290473938
4654,15526,0.7941873073577881
5582,15962,0.8208306431770325
5859,11350,0.7655173540115356
6865,10787,0.7389104962348938
2720,9830,0.8469951152801514
100,14978,0.8053173422813416
8240,14638,0.8082358837127686
3415,17290,0.8053314685821533
9152,11699,0.7783057689666748
3603,10972,0.8877611756324768
6379,11892,0.7834150791168213
2784,18304,0.88692706823349
9535,16766,0.769899308681488
7721,18180,0.7582420110702515
9548,16434,0.8473780155181885
855,15503,0.7685039639472961
1283,13919,0.8784664869308472
8731,17877,0.8084880709648132
9617,18333,0.7508138418197632
1063,14737,0.9121236801147461
3647,18192,0.8327082395553589
9052,12110,0.861690104007721
8654,14223,0.8221647143363953
8795,16105,0.8206760883331299
2726,15822,0.7886455059051514
9296,16005,0.8491012454032898
2759,14058,0.8479212522506714
7416,10670,0.8026195764541626
7303,11637,0.7888639569282532
7744,14451,0.8322895169258118
7647,10976,0.8370717763900757
3079,12013,0.7643202543258667
2301,18888,0.8246113061904907
2239,16270,0.784137487411499
5960,11273,0.8931620717048645
332,16356,0.7773603796958923
4791,16322,0.7899376153945923
2387,13795,0.8525302410125732
6330,10471,0.7529810070991516
2910,10799,0.7417593002319336
6606,17225,0.8213696479797363
9536,13253,0.8441750407218933
861,19044,0.7166130542755127
2774,17264,0.8490434885025024
883,12456,0.8001207113265991
2008,14565,0.8730887770652771
715,11462,0.8585383892059326
9156,12476,0.849853515625
1271,17241,0.8464351892471313
4186,18718,0.8877672553062439
7815,14174,0.891055166721344
4732,10203,0.8644652366638184
5689,15585,0.8508995771408081
3494,16309,0.7080045342445374
7218,18211,0.7925112247467041
4266,13690,0.8784894943237305
4657,12952,0.7378671169281006
5775,10485,0.8873924016952515
275,15440,0.8394531011581421
7612,14012,0.9247595071792603
4396,18219,0.8071175813674927
836,12383,0.8582005500793457
7623,10478,0.7846823930740356
8789,13586,0.786003589630127
2082,10361,0.8073803186416626
2146,14810,0.8675938844680786
8350,11573,0.9228879809379578
5789,17474,0.8331701755523682
4353,13373,0.8502311706542969
8073,18980,0.7945931553840637
6990,17360,0.7977191805839539
2260,17761,0.846808671951294
1105,15190,0.7657613754272461
2402,10865,0.8661531209945679
4447,16162,0.7595391273498535
7864,11109,0.8425836563110352
7130,17900,0.8306255340576172
7851,15556,0.7796806693077087
8386,12615,0.739492654800415
5865,19164,0.853996217250824
7027,10199,0.7985260486602783
6939,12117,0.8134099245071411
5898,11782,0.7912946939468384
3180,12217,0.7826671004295349
5824,16961,0.8533719778060913
3312,14508,0.7549049854278564
2436,10008,0.7998971939086914
7505,16768,0.7974920868873596
8918,16907,0.8088803291320801
8814,10179,0.7387197017669678
2702,13389,0.7737504243850708
2818,12920,0.7971085906028748
6756,14965,0.8189862370491028
6411,10281,0.7576321363449097
3114,9785,0.8274660706520081
4086,19030,0.7956768274307251
9366,9826,0.8058586120605469
5296,10681,0.7293554544448853
3886,12882,0.9643641710281372
6834,18615,0.7307091951370239
200,15597,0.7928675413131714
3043,18684,0.8334982991218567
6881,10425,0.7957492470741272
637,19096,0.7848600745201111
2533,9991,0.841175377368927
9598,13879,0.7752370834350586
8200,14247,0.8229918479919434
2305,10081,0.708172082901001
9334,11816,0.7676947116851807
598,15933,0.8010870218276978
3095,10233,0.8081238865852356
3877,13223,0.8750343322753906
5024,19150,0.8612561225891113
1179,17279,0.802513837814331
5876,14464,0.8334759473800659
4189,18343,0.7710154056549072
8762,14153,0.8465113639831543
793,11700,0.8236583471298218
9402,11498,0.6982558965682983
2350,12792,0.7745040655136108
3750,10202,0.7429744601249695
4100,15430,0.8060973882675171
2122,10767,0.8290796875953674
3573,15491,0.8362263441085815
6672,16094,0.8470619320869446
8193,12001,0.7645359039306641
8539,9817,0.783825159072876
5616,12254,0.7575390934944153
221,16992,0.8260898590087891
9177,13391,0.7752071619033813
3072,18473,0.722388505935669
8357,13837,0.8696814775466919
3130,11451,0.8346962332725525
7826,10488,0.846703827381134
6254,18111,0.8936514854431152
3504,11848,0.7885997891426086
414,10351,0.8749545216560364
8871,13491,0.9668334126472473
4372,12151,0.8282026648521423
1916,11953,0.8733994364738464
7020,12017,0.7992789149284363
3050,11967,0.8782644271850586
8934,15594,0.7860276699066162
4968,12306,0.8394159078598022
9326,11326,0.8384778499603271
8977,13281,0.8323022723197937
2056,13990,0.7842884063720703
7932,10673,0.6885636448860168
802,12600,0.829679012298584
3455,10520,0.7704185247421265
7565,10978,0.88312828540802
1594,13100,0.8356138467788696
2660,14971,0.7859134674072266
488,10189,0.8270602226257324
2044,12972,0.7455487251281738
4839,16514,0.7754888534545898
6777,16143,0.8336395025253296
3829,18307,0.7418969869613647
427,11632,0.8378256559371948
9485,13193,0.8653079271316528
7459,10611,0.8347222805023193
8383,15946,0.8539548516273499
1558,17734,0.8329822421073914
788,17928,0.7962319850921631
639,16365,0.8205279111862183
4215,18369,0.8665395379066467
2141,14584,0.7559235692024231
4331,11427,0.7609106302261353
4417,11266,0.7615755796432495
234,17067,0.790864109992981
9041,18227,0.8780133724212646
8503,17879,0.7785930633544922
9261,12767,0.7379201054573059
7740,11275,0.796464204788208
7267,12020,0.8197729587554932
3730,11671,0.8638097643852234
7839,16690,0.8327103853225708
6931,9948,0.8330390453338623
986,15820,0.8195833563804626
8477,10362,0.8186118602752686
5215,11244,0.8158062696456909
425,11331,0.8033798933029175
1655,16794,0.9002623558044434
257,13651,0.8010545372962952
1284,17418,0.8063336610794067
3335,15886,0.7699263095855713
3708,11028,0.7700046300888062
5277,16197,0.8164882659912109
9341,11254,0.8397656679153442
9490,13064,0.8541518449783325
2128,10118,0.6172373294830322
3904,15866,0.8660320043563843
2817,16946,0.8032140731811523
2809,17710,0.785438060760498
8719,16906,0.8455315828323364
9647,14438,0.7785968780517578
8608,14740,0.7857872247695923
6717,15214,0.809268057346344
8616,11786,0.8215277194976807
168,17619,0.7868062853813171
173,12284,0.8356752991676331
3261,15708,0.7908423542976379
9059,16878,0.8528347015380859
9568,14401,0.8523558378219604
679,9912,0.7521357536315918
6019,16616,0.6849606037139893
2581,14323,0.8028495907783508
265,13607,0.7978078126907349
995,17747,0.8691490888595581
2111,10420,0.8534745573997498
9347,9810,0.8474007844924927
1645,14249,0.8420108556747437
4942,16022,0.7823777198791504
7656,12012,0.7509808540344238
2469,12024,0.835009753704071
3864,12274,0.8281362652778625
808,14512,0.8791959285736084
7181,17159,0.7251275777816772
516,10442,0.830713152885437
1114,11990,0.896041750907898
9479,10609,0.7745559215545654
4329,10187,0.8253681063652039
8210,15043,0.834493100643158
2415,11454,0.7740572690963745
1078,13962,0.7778865694999695
4754,13922,0.7804121971130371
3712,14262,0.8032635450363159
3406,18579,0.8434620499610901
6685,12467,0.790908694267273
373,15925,0.86681067943573
5363,15950,0.8110759854316711
6868,18355,0.8354443311691284
2715,13276,0.8735712766647339
